task_id,gate_id,task_group,object_code,object_name,owner_role,source_current_status,closure_preview_result,refreshed_task_status,accepted_for_refresh,blocking_before_refresh,blocking_after_refresh,closure_evidence_reference,evidence_template_reference,source_path,not_imported,not_real_record
CLAUSE-4.1,GR-02,manual_clause,CLAUSE-4.1,4.1 公正性,最高管理者/质量负责人,pending,accepted_for_preview,closed,yes,no,no,TEST-COMPLETE-REFRESH-001,TEST-COMPLETE-TEMPLATE-001,human_review_workbench/decision_update_template.csv,yes,yes
CLAUSE-4.2,GR-02,manual_clause,CLAUSE-4.2,4.2 保密性,最高管理者/质量负责人,pending,accepted_for_preview,closed,yes,no,no,TEST-COMPLETE-REFRESH-002,TEST-COMPLETE-TEMPLATE-002,human_review_workbench/decision_update_template.csv,yes,yes
CLAUSE-5,GR-02,manual_clause,CLAUSE-5,5 结构要求,最高管理者/质量负责人,pending,accepted_for_preview,closed,yes,no,no,TEST-COMPLETE-REFRESH-003,TEST-COMPLETE-TEMPLATE-003,human_review_workbench/decision_update_template.csv,yes,yes
CLAUSE-6.1,GR-02,manual_clause,CLAUSE-6.1,6.1 资源总则,质量负责人/相关过程负责人,pending,accepted_for_preview,closed,yes,no,no,TEST-COMPLETE-REFRESH-004,TEST-COMPLETE-TEMPLATE-004,human_review_workbench/decision_update_template.csv,yes,yes
CLAUSE-6.2,GR-02,manual_clause,CLAUSE-6.2,6.2 人员,质量负责人/相关过程负责人,pending,accepted_for_preview,closed,yes,no,no,TEST-COMPLETE-REFRESH-005,TEST-COMPLETE-TEMPLATE-005,human_review_workbench/decision_update_template.csv,yes,yes
CLAUSE-6.3,GR-02,manual_clause,CLAUSE-6.3,6.3 设施环境,质量负责人/相关过程负责人,pending,accepted_for_preview,closed,yes,no,no,TEST-COMPLETE-REFRESH-006,TEST-COMPLETE-TEMPLATE-006,human_review_workbench/decision_update_template.csv,yes,yes
CLAUSE-6.4,GR-02,manual_clause,CLAUSE-6.4,6.4 设备,设备管理员/技术负责人/质量负责人,pending,accepted_for_preview,closed,yes,no,no,TEST-COMPLETE-REFRESH-007,TEST-COMPLETE-TEMPLATE-007,human_review_workbench/decision_update_template.csv,yes,yes
CLAUSE-6.5,GR-02,manual_clause,CLAUSE-6.5,6.5 计量溯源性,设备管理员/技术负责人/质量负责人,pending,accepted_for_preview,closed,yes,no,no,TEST-COMPLETE-REFRESH-008,TEST-COMPLETE-TEMPLATE-008,human_review_workbench/decision_update_template.csv,yes,yes
CLAUSE-6.6,GR-02,manual_clause,CLAUSE-6.6,6.6 外部产品和服务,质量负责人/相关过程负责人,pending,accepted_for_preview,closed,yes,no,no,TEST-COMPLETE-REFRESH-009,TEST-COMPLETE-TEMPLATE-009,human_review_workbench/decision_update_template.csv,yes,yes
CLAUSE-7.1,GR-02,manual_clause,CLAUSE-7.1,7.1 合同评审,技术负责人/相关过程负责人/质量负责人,pending,accepted_for_preview,closed,yes,no,no,TEST-COMPLETE-REFRESH-010,TEST-COMPLETE-TEMPLATE-010,human_review_workbench/decision_update_template.csv,yes,yes
CLAUSE-7.2,GR-02,manual_clause,CLAUSE-7.2,7.2 方法,技术负责人/相关过程负责人/质量负责人,pending,accepted_for_preview,closed,yes,no,no,TEST-COMPLETE-REFRESH-011,TEST-COMPLETE-TEMPLATE-011,human_review_workbench/decision_update_template.csv,yes,yes
CLAUSE-7.3,GR-02,manual_clause,CLAUSE-7.3,7.3 抽样,技术负责人/相关过程负责人/质量负责人,pending,accepted_for_preview,closed,yes,no,no,TEST-COMPLETE-REFRESH-012,TEST-COMPLETE-TEMPLATE-012,human_review_workbench/decision_update_template.csv,yes,yes
CLAUSE-7.4,GR-02,manual_clause,CLAUSE-7.4,7.4 样品处置,技术负责人/相关过程负责人/质量负责人,pending,accepted_for_preview,closed,yes,no,no,TEST-COMPLETE-REFRESH-013,TEST-COMPLETE-TEMPLATE-013,human_review_workbench/decision_update_template.csv,yes,yes
CLAUSE-7.5,GR-02,manual_clause,CLAUSE-7.5,7.5 技术记录,技术负责人/相关过程负责人/质量负责人,pending,accepted_for_preview,closed,yes,no,no,TEST-COMPLETE-REFRESH-014,TEST-COMPLETE-TEMPLATE-014,human_review_workbench/decision_update_template.csv,yes,yes
CLAUSE-7.6,GR-02,manual_clause,CLAUSE-7.6,7.6 测量不确定度,技术负责人/相关过程负责人/质量负责人,pending,accepted_for_preview,closed,yes,no,no,TEST-COMPLETE-REFRESH-015,TEST-COMPLETE-TEMPLATE-015,human_review_workbench/decision_update_template.csv,yes,yes
CLAUSE-7.7,GR-02,manual_clause,CLAUSE-7.7,7.7 结果有效性,技术负责人/相关过程负责人/质量负责人,pending,accepted_for_preview,closed,yes,no,no,TEST-COMPLETE-REFRESH-016,TEST-COMPLETE-TEMPLATE-016,human_review_workbench/decision_update_template.csv,yes,yes
CLAUSE-7.8,GR-02,manual_clause,CLAUSE-7.8,7.8 报告结果,技术负责人/相关过程负责人/质量负责人,pending,accepted_for_preview,closed,yes,no,no,TEST-COMPLETE-REFRESH-017,TEST-COMPLETE-TEMPLATE-017,human_review_workbench/decision_update_template.csv,yes,yes
CLAUSE-7.9,GR-02,manual_clause,CLAUSE-7.9,7.9 投诉,技术负责人/相关过程负责人/质量负责人,pending,accepted_for_preview,closed,yes,no,no,TEST-COMPLETE-REFRESH-018,TEST-COMPLETE-TEMPLATE-018,human_review_workbench/decision_update_template.csv,yes,yes
CLAUSE-7.10,GR-02,manual_clause,CLAUSE-7.10,7.10 不符合工作,技术负责人/相关过程负责人/质量负责人,pending,accepted_for_preview,closed,yes,no,no,TEST-COMPLETE-REFRESH-019,TEST-COMPLETE-TEMPLATE-019,human_review_workbench/decision_update_template.csv,yes,yes
CLAUSE-7.11,GR-02,manual_clause,CLAUSE-7.11,7.11 数据控制与信息管理,技术负责人/相关过程负责人/质量负责人,pending,accepted_for_preview,closed,yes,no,no,TEST-COMPLETE-REFRESH-020,TEST-COMPLETE-TEMPLATE-020,human_review_workbench/decision_update_template.csv,yes,yes
CLAUSE-8.1,GR-02,manual_clause,CLAUSE-8.1,8.1 管理体系方式,质量负责人/文件管理员/最高管理者,pending,accepted_for_preview,closed,yes,no,no,TEST-COMPLETE-REFRESH-021,TEST-COMPLETE-TEMPLATE-021,human_review_workbench/decision_update_template.csv,yes,yes
CLAUSE-8.2,GR-02,manual_clause,CLAUSE-8.2,8.2 管理体系文件,质量负责人/文件管理员/最高管理者,pending,accepted_for_preview,closed,yes,no,no,TEST-COMPLETE-REFRESH-022,TEST-COMPLETE-TEMPLATE-022,human_review_workbench/decision_update_template.csv,yes,yes
CLAUSE-8.3,GR-02,manual_clause,CLAUSE-8.3,8.3 文件控制,质量负责人/文件管理员/最高管理者,pending,accepted_for_preview,closed,yes,no,no,TEST-COMPLETE-REFRESH-023,TEST-COMPLETE-TEMPLATE-023,human_review_workbench/decision_update_template.csv,yes,yes
CLAUSE-8.4,GR-02,manual_clause,CLAUSE-8.4,8.4 记录控制,质量负责人/文件管理员/最高管理者,pending,accepted_for_preview,closed,yes,no,no,TEST-COMPLETE-REFRESH-024,TEST-COMPLETE-TEMPLATE-024,human_review_workbench/decision_update_template.csv,yes,yes
CLAUSE-8.5,GR-02,manual_clause,CLAUSE-8.5,8.5 风险和机遇,质量负责人/文件管理员/最高管理者,pending,accepted_for_preview,closed,yes,no,no,TEST-COMPLETE-REFRESH-025,TEST-COMPLETE-TEMPLATE-025,human_review_workbench/decision_update_template.csv,yes,yes
CLAUSE-8.6,GR-02,manual_clause,CLAUSE-8.6,8.6 改进,质量负责人/文件管理员/最高管理者,pending,accepted_for_preview,closed,yes,no,no,TEST-COMPLETE-REFRESH-026,TEST-COMPLETE-TEMPLATE-026,human_review_workbench/decision_update_template.csv,yes,yes
CLAUSE-8.7,GR-02,manual_clause,CLAUSE-8.7,8.7 纠正措施,质量负责人/文件管理员/最高管理者,pending,accepted_for_preview,closed,yes,no,no,TEST-COMPLETE-REFRESH-027,TEST-COMPLETE-TEMPLATE-027,human_review_workbench/decision_update_template.csv,yes,yes
CLAUSE-8.8,GR-02,manual_clause,CLAUSE-8.8,8.8 内部审核,质量负责人/文件管理员/最高管理者,pending,accepted_for_preview,closed,yes,no,no,TEST-COMPLETE-REFRESH-028,TEST-COMPLETE-TEMPLATE-028,human_review_workbench/decision_update_template.csv,yes,yes
CLAUSE-8.9,GR-02,manual_clause,CLAUSE-8.9,8.9 管理评审,质量负责人/文件管理员/最高管理者,pending,accepted_for_preview,closed,yes,no,no,TEST-COMPLETE-REFRESH-029,TEST-COMPLETE-TEMPLATE-029,human_review_workbench/decision_update_template.csv,yes,yes
TEMPLATE-JL-4.1-01,GR-02,record_template,TEMPLATE-JL-4.1-01,JL-4.1-01 公正性风险识别与处置记录,文件管理员/相关过程负责人/质量负责人,pending,accepted_for_preview,closed,yes,no,no,TEST-COMPLETE-REFRESH-030,TEST-COMPLETE-TEMPLATE-030,human_review_workbench/decision_update_template.csv,yes,yes
TEMPLATE-JL-4.2-01,GR-02,record_template,TEMPLATE-JL-4.2-01,JL-4.2-01 保密承诺与权限确认记录,文件管理员/相关过程负责人/质量负责人,pending,accepted_for_preview,closed,yes,no,no,TEST-COMPLETE-REFRESH-031,TEST-COMPLETE-TEMPLATE-031,human_review_workbench/decision_update_template.csv,yes,yes
TEMPLATE-JL-5-01,GR-02,record_template,TEMPLATE-JL-5-01,JL-5-01 岗位职责与授权确认表,文件管理员/相关过程负责人/质量负责人,pending,accepted_for_preview,closed,yes,no,no,TEST-COMPLETE-REFRESH-032,TEST-COMPLETE-TEMPLATE-032,human_review_workbench/decision_update_template.csv,yes,yes
TEMPLATE-JL-6.2-01,GR-02,record_template,TEMPLATE-JL-6.2-01,JL-6.2-01 人员能力确认与授权记录,文件管理员/相关过程负责人/质量负责人,pending,accepted_for_preview,closed,yes,no,no,TEST-COMPLETE-REFRESH-033,TEST-COMPLETE-TEMPLATE-033,human_review_workbench/decision_update_template.csv,yes,yes
TEMPLATE-JL-6.3-01,GR-02,record_template,TEMPLATE-JL-6.3-01,JL-6.3-01 环境条件监控与异常处置记录,文件管理员/相关过程负责人/质量负责人,pending,accepted_for_preview,closed,yes,no,no,TEST-COMPLETE-REFRESH-034,TEST-COMPLETE-TEMPLATE-034,human_review_workbench/decision_update_template.csv,yes,yes
TEMPLATE-JL-6.4-01,GR-02,record_template,TEMPLATE-JL-6.4-01,JL-6.4-01 设备状态与期间核查记录,文件管理员/相关过程负责人/质量负责人,pending,accepted_for_preview,closed,yes,no,no,TEST-COMPLETE-REFRESH-035,TEST-COMPLETE-TEMPLATE-035,human_review_workbench/decision_update_template.csv,yes,yes
TEMPLATE-JL-6.5-01,GR-02,record_template,TEMPLATE-JL-6.5-01,JL-6.5-01 计量溯源结果确认记录,文件管理员/相关过程负责人/质量负责人,pending,accepted_for_preview,closed,yes,no,no,TEST-COMPLETE-REFRESH-036,TEST-COMPLETE-TEMPLATE-036,human_review_workbench/decision_update_template.csv,yes,yes
TEMPLATE-JL-6.6-01,GR-02,record_template,TEMPLATE-JL-6.6-01,JL-6.6-01 外部服务与供应品评价记录,文件管理员/相关过程负责人/质量负责人,pending,accepted_for_preview,closed,yes,no,no,TEST-COMPLETE-REFRESH-037,TEST-COMPLETE-TEMPLATE-037,human_review_workbench/decision_update_template.csv,yes,yes
TEMPLATE-JL-7.1-01,GR-02,record_template,TEMPLATE-JL-7.1-01,JL-7.1-01 合同评审记录,文件管理员/相关过程负责人/质量负责人,pending,accepted_for_preview,closed,yes,no,no,TEST-COMPLETE-REFRESH-038,TEST-COMPLETE-TEMPLATE-038,human_review_workbench/decision_update_template.csv,yes,yes
TEMPLATE-JL-7.2-01,GR-02,record_template,TEMPLATE-JL-7.2-01,JL-7.2-01 方法验证/确认记录,文件管理员/相关过程负责人/质量负责人,pending,accepted_for_preview,closed,yes,no,no,TEST-COMPLETE-REFRESH-039,TEST-COMPLETE-TEMPLATE-039,human_review_workbench/decision_update_template.csv,yes,yes
TEMPLATE-JL-7.3-01,GR-02,record_template,TEMPLATE-JL-7.3-01,JL-7.3-01 抽样条件启用评审记录,文件管理员/相关过程负责人/质量负责人,pending,accepted_for_preview,closed,yes,no,no,TEST-COMPLETE-REFRESH-040,TEST-COMPLETE-TEMPLATE-040,human_review_workbench/decision_update_template.csv,yes,yes
TEMPLATE-JL-7.4-01,GR-02,record_template,TEMPLATE-JL-7.4-01,JL-7.4-01 样品接收与异常处置记录,文件管理员/相关过程负责人/质量负责人,pending,accepted_for_preview,closed,yes,no,no,TEST-COMPLETE-REFRESH-041,TEST-COMPLETE-TEMPLATE-041,human_review_workbench/decision_update_template.csv,yes,yes
TEMPLATE-JL-7.5-01,GR-02,record_template,TEMPLATE-JL-7.5-01,JL-7.5-01 技术记录更正记录,文件管理员/相关过程负责人/质量负责人,pending,accepted_for_preview,closed,yes,no,no,TEST-COMPLETE-REFRESH-042,TEST-COMPLETE-TEMPLATE-042,human_review_workbench/decision_update_template.csv,yes,yes
TEMPLATE-JL-7.6-01,GR-02,record_template,TEMPLATE-JL-7.6-01,JL-7.6-01 测量不确定度适用性评审记录,文件管理员/相关过程负责人/质量负责人,pending,accepted_for_preview,closed,yes,no,no,TEST-COMPLETE-REFRESH-043,TEST-COMPLETE-TEMPLATE-043,human_review_workbench/decision_update_template.csv,yes,yes
TEMPLATE-JL-7.7-01,GR-02,record_template,TEMPLATE-JL-7.7-01,JL-7.7-01 结果有效性监控计划与评价记录,文件管理员/相关过程负责人/质量负责人,pending,accepted_for_preview,closed,yes,no,no,TEST-COMPLETE-REFRESH-044,TEST-COMPLETE-TEMPLATE-044,human_review_workbench/decision_update_template.csv,yes,yes
TEMPLATE-JL-7.8-01,GR-02,record_template,TEMPLATE-JL-7.8-01,JL-7.8-01 报告复核与授权签发记录,文件管理员/相关过程负责人/质量负责人,pending,accepted_for_preview,closed,yes,no,no,TEST-COMPLETE-REFRESH-045,TEST-COMPLETE-TEMPLATE-045,human_review_workbench/decision_update_template.csv,yes,yes
TEMPLATE-JL-7.9-01,GR-02,record_template,TEMPLATE-JL-7.9-01,JL-7.9-01 投诉处理记录,文件管理员/相关过程负责人/质量负责人,pending,accepted_for_preview,closed,yes,no,no,TEST-COMPLETE-REFRESH-046,TEST-COMPLETE-TEMPLATE-046,human_review_workbench/decision_update_template.csv,yes,yes
TEMPLATE-JL-7.10-01,GR-02,record_template,TEMPLATE-JL-7.10-01,JL-7.10-01 不符合工作影响评价与恢复授权记录,文件管理员/相关过程负责人/质量负责人,pending,accepted_for_preview,closed,yes,no,no,TEST-COMPLETE-REFRESH-047,TEST-COMPLETE-TEMPLATE-047,human_review_workbench/decision_update_template.csv,yes,yes
TEMPLATE-JL-7.11-01,GR-02,record_template,TEMPLATE-JL-7.11-01,JL-7.11-01 电子表格/软件适用性确认记录,文件管理员/相关过程负责人/质量负责人,pending,accepted_for_preview,closed,yes,no,no,TEST-COMPLETE-REFRESH-048,TEST-COMPLETE-TEMPLATE-048,human_review_workbench/decision_update_template.csv,yes,yes
TEMPLATE-JL-8.3-01,GR-02,record_template,TEMPLATE-JL-8.3-01,JL-8.3-01 文件修订评审与发布记录,文件管理员/相关过程负责人/质量负责人,pending,accepted_for_preview,closed,yes,no,no,TEST-COMPLETE-REFRESH-049,TEST-COMPLETE-TEMPLATE-049,human_review_workbench/decision_update_template.csv,yes,yes
TEMPLATE-JL-8.4-01,GR-02,record_template,TEMPLATE-JL-8.4-01,JL-8.4-01 记录归档与借阅记录,文件管理员/相关过程负责人/质量负责人,pending,accepted_for_preview,closed,yes,no,no,TEST-COMPLETE-REFRESH-050,TEST-COMPLETE-TEMPLATE-050,human_review_workbench/decision_update_template.csv,yes,yes
TEMPLATE-JL-8.5-01,GR-02,record_template,TEMPLATE-JL-8.5-01,JL-8.5-01 风险和机遇措施跟踪记录,文件管理员/相关过程负责人/质量负责人,pending,accepted_for_preview,closed,yes,no,no,TEST-COMPLETE-REFRESH-051,TEST-COMPLETE-TEMPLATE-051,human_review_workbench/decision_update_template.csv,yes,yes
TEMPLATE-JL-8.6-01,GR-02,record_template,TEMPLATE-JL-8.6-01,JL-8.6-01 改进建议与效果评价记录,文件管理员/相关过程负责人/质量负责人,pending,accepted_for_preview,closed,yes,no,no,TEST-COMPLETE-REFRESH-052,TEST-COMPLETE-TEMPLATE-052,human_review_workbench/decision_update_template.csv,yes,yes
TEMPLATE-JL-8.7-01,GR-02,record_template,TEMPLATE-JL-8.7-01,JL-8.7-01 纠正措施记录,文件管理员/相关过程负责人/质量负责人,pending,accepted_for_preview,closed,yes,no,no,TEST-COMPLETE-REFRESH-053,TEST-COMPLETE-TEMPLATE-053,human_review_workbench/decision_update_template.csv,yes,yes
TEMPLATE-JL-8.8-01,GR-02,record_template,TEMPLATE-JL-8.8-01,JL-8.8-01 内审计划、检查表与整改验证记录,文件管理员/相关过程负责人/质量负责人,pending,accepted_for_preview,closed,yes,no,no,TEST-COMPLETE-REFRESH-054,TEST-COMPLETE-TEMPLATE-054,human_review_workbench/decision_update_template.csv,yes,yes
TEMPLATE-JL-8.9-01,GR-02,record_template,TEMPLATE-JL-8.9-01,JL-8.9-01 管理评审输入输出及跟踪记录,文件管理员/相关过程负责人/质量负责人,pending,accepted_for_preview,closed,yes,no,no,TEST-COMPLETE-REFRESH-055,TEST-COMPLETE-TEMPLATE-055,human_review_workbench/decision_update_template.csv,yes,yes
ATTACHMENT-XZTC/CX-05-02-2022,GR-02,attachment_form_disposition,ATTACHMENT-XZTC/CX-05-02-2022,XZTC/CX-05-02-2022 仪器设备计量溯源结果确认表,文件管理员/设备管理员/技术负责人/质量负责人,pending,accepted_for_preview,closed,yes,no,no,TEST-COMPLETE-REFRESH-056,TEST-COMPLETE-TEMPLATE-056,human_review_workbench/decision_update_template.csv,yes,yes
GATE-01,GR-02,preapply_gate,GATE-01,候选修订包门禁,Codex dry-run/文件管理员复核,pending,accepted_for_preview,closed,yes,no,no,TEST-COMPLETE-REFRESH-057,TEST-COMPLETE-TEMPLATE-057,human_review_workbench/decision_update_template.csv,yes,yes
GATE-02,GR-02,preapply_gate,GATE-02,LIMS 预导入包结构 dry-run,Codex dry-run/文件管理员复核,pending,accepted_for_preview,closed,yes,no,no,TEST-COMPLETE-REFRESH-058,TEST-COMPLETE-TEMPLATE-058,human_review_workbench/decision_update_template.csv,yes,yes
GATE-03,GR-02,preapply_gate,GATE-03,记录模板模拟试填,Codex dry-run/文件管理员复核,pending,accepted_for_preview,closed,yes,no,no,TEST-COMPLETE-REFRESH-059,TEST-COMPLETE-TEMPLATE-059,human_review_workbench/decision_update_template.csv,yes,yes
GATE-04,GR-02,preapply_gate,GATE-04,记录模板全量模拟试填,Codex dry-run/文件管理员复核,pending,accepted_for_preview,closed,yes,no,no,TEST-COMPLETE-REFRESH-060,TEST-COMPLETE-TEMPLATE-060,human_review_workbench/decision_update_template.csv,yes,yes
GATE-05,GR-02,preapply_gate,GATE-05,LIMS 命令层 dry-run,Codex dry-run/文件管理员复核,pending,accepted_for_preview,closed,yes,no,no,TEST-COMPLETE-REFRESH-061,TEST-COMPLETE-TEMPLATE-061,human_review_workbench/decision_update_template.csv,yes,yes
GATE-06,GR-02,preapply_gate,GATE-06,未确认 apply 阻断,Codex dry-run/文件管理员复核,pending,accepted_for_preview,closed,yes,no,no,TEST-COMPLETE-REFRESH-062,TEST-COMPLETE-TEMPLATE-062,human_review_workbench/decision_update_template.csv,yes,yes
GATE-07,GR-02,preapply_gate,GATE-07,候选手册人工评审,文件管理员/质量负责人/最高管理者,pending,accepted_for_preview,closed,yes,no,no,TEST-COMPLETE-REFRESH-063,TEST-COMPLETE-TEMPLATE-063,human_review_workbench/decision_update_template.csv,yes,yes
GATE-08,GR-02,preapply_gate,GATE-08,26 个记录模板字段评审,文件管理员/相关过程负责人/质量负责人,pending,accepted_for_preview,closed,yes,no,no,TEST-COMPLETE-REFRESH-064,TEST-COMPLETE-TEMPLATE-064,human_review_workbench/decision_update_template.csv,yes,yes
GATE-09,GR-02,preapply_gate,GATE-09,05-02 编号附件/表单归属,文件管理员/设备管理员/技术负责人,pending,accepted_for_preview,closed,yes,no,no,TEST-COMPLETE-REFRESH-065,TEST-COMPLETE-TEMPLATE-065,human_review_workbench/decision_update_template.csv,yes,yes
GATE-10,GR-02,preapply_gate,GATE-10,外来依据台账人工查新,文件管理员/质量负责人,pending,accepted_for_preview,closed,yes,no,no,TEST-COMPLETE-REFRESH-066,TEST-COMPLETE-TEMPLATE-066,human_review_workbench/decision_update_template.csv,yes,yes
GATE-11,GR-02,preapply_gate,GATE-11,用户明确授权 apply,用户/最高管理者授权角色,pending,accepted_for_preview,closed,yes,no,no,TEST-COMPLETE-REFRESH-067,TEST-COMPLETE-TEMPLATE-067,human_review_workbench/decision_update_template.csv,yes,yes
FIELD-JL-4.1-01,GR-03,record_template_field_confirmation,JL-4.1-01,公正性风险识别与处置记录,质量负责人,pending,accepted_for_preview,closed,yes,no,no,TEST-COMPLETE-REFRESH-068,TEST-COMPLETE-TEMPLATE-068,record_template_field_catalog/01-模板字段索引.csv,yes,yes
FIELD-JL-4.2-01,GR-03,record_template_field_confirmation,JL-4.2-01,保密承诺与权限确认记录,文件管理员/质量负责人,pending,accepted_for_preview,closed,yes,no,no,TEST-COMPLETE-REFRESH-069,TEST-COMPLETE-TEMPLATE-069,record_template_field_catalog/01-模板字段索引.csv,yes,yes
FIELD-JL-5-01,GR-03,record_template_field_confirmation,JL-5-01,岗位职责与授权确认表,最高管理者/技术负责人,pending,accepted_for_preview,closed,yes,no,no,TEST-COMPLETE-REFRESH-070,TEST-COMPLETE-TEMPLATE-070,record_template_field_catalog/01-模板字段索引.csv,yes,yes
FIELD-JL-6.2-01,GR-03,record_template_field_confirmation,JL-6.2-01,人员能力确认与授权记录,技术负责人,pending,accepted_for_preview,closed,yes,no,no,TEST-COMPLETE-REFRESH-071,TEST-COMPLETE-TEMPLATE-071,record_template_field_catalog/01-模板字段索引.csv,yes,yes
FIELD-JL-6.3-01,GR-03,record_template_field_confirmation,JL-6.3-01,环境条件监控与异常处置记录,检测人员/监督员,pending,accepted_for_preview,closed,yes,no,no,TEST-COMPLETE-REFRESH-072,TEST-COMPLETE-TEMPLATE-072,record_template_field_catalog/01-模板字段索引.csv,yes,yes
FIELD-JL-6.4-01,GR-03,record_template_field_confirmation,JL-6.4-01,设备状态与期间核查记录,设备管理员,pending,accepted_for_preview,closed,yes,no,no,TEST-COMPLETE-REFRESH-073,TEST-COMPLETE-TEMPLATE-073,record_template_field_catalog/01-模板字段索引.csv,yes,yes
FIELD-JL-6.5-01,GR-03,record_template_field_confirmation,JL-6.5-01,计量溯源结果确认记录,设备管理员/技术负责人,pending,accepted_for_preview,closed,yes,no,no,TEST-COMPLETE-REFRESH-074,TEST-COMPLETE-TEMPLATE-074,record_template_field_catalog/01-模板字段索引.csv,yes,yes
FIELD-JL-6.6-01,GR-03,record_template_field_confirmation,JL-6.6-01,外部服务与供应品评价记录,采购/质量负责人,pending,accepted_for_preview,closed,yes,no,no,TEST-COMPLETE-REFRESH-075,TEST-COMPLETE-TEMPLATE-075,record_template_field_catalog/01-模板字段索引.csv,yes,yes
FIELD-JL-7.1-01,GR-03,record_template_field_confirmation,JL-7.1-01,合同评审记录,业务受理/技术负责人,pending,accepted_for_preview,closed,yes,no,no,TEST-COMPLETE-REFRESH-076,TEST-COMPLETE-TEMPLATE-076,record_template_field_catalog/01-模板字段索引.csv,yes,yes
FIELD-JL-7.2-01,GR-03,record_template_field_confirmation,JL-7.2-01,方法验证/确认记录,技术负责人,pending,accepted_for_preview,closed,yes,no,no,TEST-COMPLETE-REFRESH-077,TEST-COMPLETE-TEMPLATE-077,record_template_field_catalog/01-模板字段索引.csv,yes,yes
FIELD-JL-7.3-01,GR-03,record_template_field_confirmation,JL-7.3-01,抽样条件启用评审记录,技术负责人/业务受理,pending,accepted_for_preview,closed,yes,no,no,TEST-COMPLETE-REFRESH-078,TEST-COMPLETE-TEMPLATE-078,record_template_field_catalog/01-模板字段索引.csv,yes,yes
FIELD-JL-7.4-01,GR-03,record_template_field_confirmation,JL-7.4-01,样品接收与异常处置记录,样品管理员,pending,accepted_for_preview,closed,yes,no,no,TEST-COMPLETE-REFRESH-079,TEST-COMPLETE-TEMPLATE-079,record_template_field_catalog/01-模板字段索引.csv,yes,yes
FIELD-JL-7.5-01,GR-03,record_template_field_confirmation,JL-7.5-01,技术记录更正记录,原记录人员/复核人员,pending,accepted_for_preview,closed,yes,no,no,TEST-COMPLETE-REFRESH-080,TEST-COMPLETE-TEMPLATE-080,record_template_field_catalog/01-模板字段索引.csv,yes,yes
FIELD-JL-7.6-01,GR-03,record_template_field_confirmation,JL-7.6-01,测量不确定度适用性评审记录,技术负责人,pending,accepted_for_preview,closed,yes,no,no,TEST-COMPLETE-REFRESH-081,TEST-COMPLETE-TEMPLATE-081,record_template_field_catalog/01-模板字段索引.csv,yes,yes
FIELD-JL-7.7-01,GR-03,record_template_field_confirmation,JL-7.7-01,结果有效性监控计划与评价记录,技术负责人/质量负责人,pending,accepted_for_preview,closed,yes,no,no,TEST-COMPLETE-REFRESH-082,TEST-COMPLETE-TEMPLATE-082,record_template_field_catalog/01-模板字段索引.csv,yes,yes
FIELD-JL-7.8-01,GR-03,record_template_field_confirmation,JL-7.8-01,报告复核与授权签发记录,复核人/授权签字人,pending,accepted_for_preview,closed,yes,no,no,TEST-COMPLETE-REFRESH-083,TEST-COMPLETE-TEMPLATE-083,record_template_field_catalog/01-模板字段索引.csv,yes,yes
FIELD-JL-7.9-01,GR-03,record_template_field_confirmation,JL-7.9-01,投诉处理记录,质量负责人,pending,accepted_for_preview,closed,yes,no,no,TEST-COMPLETE-REFRESH-084,TEST-COMPLETE-TEMPLATE-084,record_template_field_catalog/01-模板字段索引.csv,yes,yes
FIELD-JL-7.10-01,GR-03,record_template_field_confirmation,JL-7.10-01,不符合工作影响评价与恢复授权记录,质量负责人/技术负责人,pending,accepted_for_preview,closed,yes,no,no,TEST-COMPLETE-REFRESH-085,TEST-COMPLETE-TEMPLATE-085,record_template_field_catalog/01-模板字段索引.csv,yes,yes
FIELD-JL-7.11-01,GR-03,record_template_field_confirmation,JL-7.11-01,电子表格/软件适用性确认记录,技术负责人/文件管理员,pending,accepted_for_preview,closed,yes,no,no,TEST-COMPLETE-REFRESH-086,TEST-COMPLETE-TEMPLATE-086,record_template_field_catalog/01-模板字段索引.csv,yes,yes
FIELD-JL-8.3-01,GR-03,record_template_field_confirmation,JL-8.3-01,文件修订评审与发布记录,文件管理员/质量负责人,pending,accepted_for_preview,closed,yes,no,no,TEST-COMPLETE-REFRESH-087,TEST-COMPLETE-TEMPLATE-087,record_template_field_catalog/01-模板字段索引.csv,yes,yes
FIELD-JL-8.4-01,GR-03,record_template_field_confirmation,JL-8.4-01,记录归档与借阅记录,文件管理员,pending,accepted_for_preview,closed,yes,no,no,TEST-COMPLETE-REFRESH-088,TEST-COMPLETE-TEMPLATE-088,record_template_field_catalog/01-模板字段索引.csv,yes,yes
FIELD-JL-8.5-01,GR-03,record_template_field_confirmation,JL-8.5-01,风险和机遇措施跟踪记录,质量负责人,pending,accepted_for_preview,closed,yes,no,no,TEST-COMPLETE-REFRESH-089,TEST-COMPLETE-TEMPLATE-089,record_template_field_catalog/01-模板字段索引.csv,yes,yes
FIELD-JL-8.6-01,GR-03,record_template_field_confirmation,JL-8.6-01,改进建议与效果评价记录,过程负责人,pending,accepted_for_preview,closed,yes,no,no,TEST-COMPLETE-REFRESH-090,TEST-COMPLETE-TEMPLATE-090,record_template_field_catalog/01-模板字段索引.csv,yes,yes
FIELD-JL-8.7-01,GR-03,record_template_field_confirmation,JL-8.7-01,纠正措施记录,责任部门/质量负责人,pending,accepted_for_preview,closed,yes,no,no,TEST-COMPLETE-REFRESH-091,TEST-COMPLETE-TEMPLATE-091,record_template_field_catalog/01-模板字段索引.csv,yes,yes
FIELD-JL-8.8-01,GR-03,record_template_field_confirmation,JL-8.8-01,内审计划、检查表与整改验证记录,内审组长,pending,accepted_for_preview,closed,yes,no,no,TEST-COMPLETE-REFRESH-092,TEST-COMPLETE-TEMPLATE-092,record_template_field_catalog/01-模板字段索引.csv,yes,yes
FIELD-JL-8.9-01,GR-03,record_template_field_confirmation,JL-8.9-01,管理评审输入输出及跟踪记录,最高管理者/质量负责人,pending,accepted_for_preview,closed,yes,no,no,TEST-COMPLETE-REFRESH-093,TEST-COMPLETE-TEMPLATE-093,record_template_field_catalog/01-模板字段索引.csv,yes,yes
MRD-01,GR-04,manual_revision_decision,MRD-01,第五版候选手册是否可进入修订/换版流程,最高管理者/质量负责人,pending,accepted_for_preview,closed,yes,no,no,TEST-COMPLETE-REFRESH-094,TEST-COMPLETE-TEMPLATE-094,manual_revision_path_pack/04-人工决策闸门.csv,yes,yes
MRD-02,GR-04,manual_revision_decision,MRD-02,版本标识与生效日期策略,文件管理员/质量负责人,pending,accepted_for_preview,closed,yes,no,no,TEST-COMPLETE-REFRESH-095,TEST-COMPLETE-TEMPLATE-095,manual_revision_path_pack/04-人工决策闸门.csv,yes,yes
MRD-03,GR-04,manual_revision_decision,MRD-03,第四版作废回收和留存策略,文件管理员,pending,accepted_for_preview,closed,yes,no,no,TEST-COMPLETE-REFRESH-096,TEST-COMPLETE-TEMPLATE-096,manual_revision_path_pack/04-人工决策闸门.csv,yes,yes
MRD-04,GR-04,manual_revision_decision,MRD-04,LIMS 修订入口和结构化同步动作,系统管理员/文件管理员,pending,accepted_for_preview,closed,yes,no,no,TEST-COMPLETE-REFRESH-097,TEST-COMPLETE-TEMPLATE-097,manual_revision_path_pack/04-人工决策闸门.csv,yes,yes
MRD-05,GR-04,manual_revision_decision,MRD-05,受控发布、培训宣贯和实施有效性检查,质量负责人/文件管理员,pending,accepted_for_preview,closed,yes,no,no,TEST-COMPLETE-REFRESH-098,TEST-COMPLETE-TEMPLATE-098,manual_revision_path_pack/04-人工决策闸门.csv,yes,yes
APP-001,GR-05,controlled_release_approval,XZTC/SC,质量手册（第五版候选稿）,文件管理员/技术负责人/质量负责人/最高管理者或授权批准人,pending,accepted_for_preview,closed,yes,no,no,TEST-COMPLETE-REFRESH-099,TEST-COMPLETE-TEMPLATE-099,controlled_release_rehearsal/02-审批签核演练清单.csv,yes,yes
APP-039,GR-05,controlled_release_approval,XZTC/CX-05-02-2022,仪器设备计量溯源结果确认表,文件管理员/技术负责人/质量负责人/最高管理者或授权批准人,pending,accepted_for_preview,closed,yes,no,no,TEST-COMPLETE-REFRESH-100,TEST-COMPLETE-TEMPLATE-100,controlled_release_rehearsal/02-审批签核演练清单.csv,yes,yes
APP-040,GR-05,controlled_release_approval,JL-4.1-01,公正性风险识别与处置记录,文件管理员/技术负责人/质量负责人/最高管理者或授权批准人,pending,accepted_for_preview,closed,yes,no,no,TEST-COMPLETE-REFRESH-101,TEST-COMPLETE-TEMPLATE-101,controlled_release_rehearsal/02-审批签核演练清单.csv,yes,yes
APP-041,GR-05,controlled_release_approval,JL-4.2-01,保密承诺与权限确认记录,文件管理员/技术负责人/质量负责人/最高管理者或授权批准人,pending,accepted_for_preview,closed,yes,no,no,TEST-COMPLETE-REFRESH-102,TEST-COMPLETE-TEMPLATE-102,controlled_release_rehearsal/02-审批签核演练清单.csv,yes,yes
APP-042,GR-05,controlled_release_approval,JL-5-01,岗位职责与授权确认表,文件管理员/技术负责人/质量负责人/最高管理者或授权批准人,pending,accepted_for_preview,closed,yes,no,no,TEST-COMPLETE-REFRESH-103,TEST-COMPLETE-TEMPLATE-103,controlled_release_rehearsal/02-审批签核演练清单.csv,yes,yes
APP-043,GR-05,controlled_release_approval,JL-6.2-01,人员能力确认与授权记录,文件管理员/技术负责人/质量负责人/最高管理者或授权批准人,pending,accepted_for_preview,closed,yes,no,no,TEST-COMPLETE-REFRESH-104,TEST-COMPLETE-TEMPLATE-104,controlled_release_rehearsal/02-审批签核演练清单.csv,yes,yes
APP-044,GR-05,controlled_release_approval,JL-6.3-01,环境条件监控与异常处置记录,文件管理员/技术负责人/质量负责人/最高管理者或授权批准人,pending,accepted_for_preview,closed,yes,no,no,TEST-COMPLETE-REFRESH-105,TEST-COMPLETE-TEMPLATE-105,controlled_release_rehearsal/02-审批签核演练清单.csv,yes,yes
APP-045,GR-05,controlled_release_approval,JL-6.4-01,设备状态与期间核查记录,文件管理员/技术负责人/质量负责人/最高管理者或授权批准人,pending,accepted_for_preview,closed,yes,no,no,TEST-COMPLETE-REFRESH-106,TEST-COMPLETE-TEMPLATE-106,controlled_release_rehearsal/02-审批签核演练清单.csv,yes,yes
APP-046,GR-05,controlled_release_approval,JL-6.5-01,计量溯源结果确认记录,文件管理员/技术负责人/质量负责人/最高管理者或授权批准人,pending,accepted_for_preview,closed,yes,no,no,TEST-COMPLETE-REFRESH-107,TEST-COMPLETE-TEMPLATE-107,controlled_release_rehearsal/02-审批签核演练清单.csv,yes,yes
APP-047,GR-05,controlled_release_approval,JL-6.6-01,外部服务与供应品评价记录,文件管理员/技术负责人/质量负责人/最高管理者或授权批准人,pending,accepted_for_preview,closed,yes,no,no,TEST-COMPLETE-REFRESH-108,TEST-COMPLETE-TEMPLATE-108,controlled_release_rehearsal/02-审批签核演练清单.csv,yes,yes
APP-048,GR-05,controlled_release_approval,JL-7.1-01,合同评审记录,文件管理员/技术负责人/质量负责人/最高管理者或授权批准人,pending,accepted_for_preview,closed,yes,no,no,TEST-COMPLETE-REFRESH-109,TEST-COMPLETE-TEMPLATE-109,controlled_release_rehearsal/02-审批签核演练清单.csv,yes,yes
APP-049,GR-05,controlled_release_approval,JL-7.2-01,方法验证/确认记录,文件管理员/技术负责人/质量负责人/最高管理者或授权批准人,pending,accepted_for_preview,closed,yes,no,no,TEST-COMPLETE-REFRESH-110,TEST-COMPLETE-TEMPLATE-110,controlled_release_rehearsal/02-审批签核演练清单.csv,yes,yes
APP-050,GR-05,controlled_release_approval,JL-7.3-01,抽样条件启用评审记录,文件管理员/技术负责人/质量负责人/最高管理者或授权批准人,pending,accepted_for_preview,closed,yes,no,no,TEST-COMPLETE-REFRESH-111,TEST-COMPLETE-TEMPLATE-111,controlled_release_rehearsal/02-审批签核演练清单.csv,yes,yes
APP-051,GR-05,controlled_release_approval,JL-7.4-01,样品接收与异常处置记录,文件管理员/技术负责人/质量负责人/最高管理者或授权批准人,pending,accepted_for_preview,closed,yes,no,no,TEST-COMPLETE-REFRESH-112,TEST-COMPLETE-TEMPLATE-112,controlled_release_rehearsal/02-审批签核演练清单.csv,yes,yes
APP-052,GR-05,controlled_release_approval,JL-7.5-01,技术记录更正记录,文件管理员/技术负责人/质量负责人/最高管理者或授权批准人,pending,accepted_for_preview,closed,yes,no,no,TEST-COMPLETE-REFRESH-113,TEST-COMPLETE-TEMPLATE-113,controlled_release_rehearsal/02-审批签核演练清单.csv,yes,yes
APP-053,GR-05,controlled_release_approval,JL-7.6-01,测量不确定度适用性评审记录,文件管理员/技术负责人/质量负责人/最高管理者或授权批准人,pending,accepted_for_preview,closed,yes,no,no,TEST-COMPLETE-REFRESH-114,TEST-COMPLETE-TEMPLATE-114,controlled_release_rehearsal/02-审批签核演练清单.csv,yes,yes
APP-054,GR-05,controlled_release_approval,JL-7.7-01,结果有效性监控计划与评价记录,文件管理员/技术负责人/质量负责人/最高管理者或授权批准人,pending,accepted_for_preview,closed,yes,no,no,TEST-COMPLETE-REFRESH-115,TEST-COMPLETE-TEMPLATE-115,controlled_release_rehearsal/02-审批签核演练清单.csv,yes,yes
APP-055,GR-05,controlled_release_approval,JL-7.8-01,报告复核与授权签发记录,文件管理员/技术负责人/质量负责人/最高管理者或授权批准人,pending,accepted_for_preview,closed,yes,no,no,TEST-COMPLETE-REFRESH-116,TEST-COMPLETE-TEMPLATE-116,controlled_release_rehearsal/02-审批签核演练清单.csv,yes,yes
APP-056,GR-05,controlled_release_approval,JL-7.9-01,投诉处理记录,文件管理员/技术负责人/质量负责人/最高管理者或授权批准人,pending,accepted_for_preview,closed,yes,no,no,TEST-COMPLETE-REFRESH-117,TEST-COMPLETE-TEMPLATE-117,controlled_release_rehearsal/02-审批签核演练清单.csv,yes,yes
APP-057,GR-05,controlled_release_approval,JL-7.10-01,不符合工作影响评价与恢复授权记录,文件管理员/技术负责人/质量负责人/最高管理者或授权批准人,pending,accepted_for_preview,closed,yes,no,no,TEST-COMPLETE-REFRESH-118,TEST-COMPLETE-TEMPLATE-118,controlled_release_rehearsal/02-审批签核演练清单.csv,yes,yes
APP-058,GR-05,controlled_release_approval,JL-7.11-01,电子表格/软件适用性确认记录,文件管理员/技术负责人/质量负责人/最高管理者或授权批准人,pending,accepted_for_preview,closed,yes,no,no,TEST-COMPLETE-REFRESH-119,TEST-COMPLETE-TEMPLATE-119,controlled_release_rehearsal/02-审批签核演练清单.csv,yes,yes
APP-059,GR-05,controlled_release_approval,JL-8.3-01,文件修订评审与发布记录,文件管理员/技术负责人/质量负责人/最高管理者或授权批准人,pending,accepted_for_preview,closed,yes,no,no,TEST-COMPLETE-REFRESH-120,TEST-COMPLETE-TEMPLATE-120,controlled_release_rehearsal/02-审批签核演练清单.csv,yes,yes
APP-060,GR-05,controlled_release_approval,JL-8.4-01,记录归档与借阅记录,文件管理员/技术负责人/质量负责人/最高管理者或授权批准人,pending,accepted_for_preview,closed,yes,no,no,TEST-COMPLETE-REFRESH-121,TEST-COMPLETE-TEMPLATE-121,controlled_release_rehearsal/02-审批签核演练清单.csv,yes,yes
APP-061,GR-05,controlled_release_approval,JL-8.5-01,风险和机遇措施跟踪记录,文件管理员/技术负责人/质量负责人/最高管理者或授权批准人,pending,accepted_for_preview,closed,yes,no,no,TEST-COMPLETE-REFRESH-122,TEST-COMPLETE-TEMPLATE-122,controlled_release_rehearsal/02-审批签核演练清单.csv,yes,yes
APP-062,GR-05,controlled_release_approval,JL-8.6-01,改进建议与效果评价记录,文件管理员/技术负责人/质量负责人/最高管理者或授权批准人,pending,accepted_for_preview,closed,yes,no,no,TEST-COMPLETE-REFRESH-123,TEST-COMPLETE-TEMPLATE-123,controlled_release_rehearsal/02-审批签核演练清单.csv,yes,yes
APP-063,GR-05,controlled_release_approval,JL-8.7-01,纠正措施记录,文件管理员/技术负责人/质量负责人/最高管理者或授权批准人,pending,accepted_for_preview,closed,yes,no,no,TEST-COMPLETE-REFRESH-124,TEST-COMPLETE-TEMPLATE-124,controlled_release_rehearsal/02-审批签核演练清单.csv,yes,yes
APP-064,GR-05,controlled_release_approval,JL-8.8-01,内审计划、检查表与整改验证记录,文件管理员/技术负责人/质量负责人/最高管理者或授权批准人,pending,accepted_for_preview,closed,yes,no,no,TEST-COMPLETE-REFRESH-125,TEST-COMPLETE-TEMPLATE-125,controlled_release_rehearsal/02-审批签核演练清单.csv,yes,yes
APP-065,GR-05,controlled_release_approval,JL-8.9-01,管理评审输入输出及跟踪记录,文件管理员/技术负责人/质量负责人/最高管理者或授权批准人,pending,accepted_for_preview,closed,yes,no,no,TEST-COMPLETE-REFRESH-126,TEST-COMPLETE-TEMPLATE-126,controlled_release_rehearsal/02-审批签核演练清单.csv,yes,yes
REL-TPL-JL-REL-01,GR-06,release_execution_template_review,JL-REL-01,体系文件审批签核记录,文件管理员/质量负责人,pending_human_review,accepted_for_preview,closed,yes,no,no,TEST-COMPLETE-REFRESH-127,TEST-COMPLETE-TEMPLATE-127,release_execution_template_pack/01-发布执行记录模板索引.csv,yes,yes
REL-TPL-JL-REL-02,GR-06,release_execution_template_review,JL-REL-02,文件发布发放与现行状态确认记录,文件管理员,pending_human_review,accepted_for_preview,closed,yes,no,no,TEST-COMPLETE-REFRESH-128,TEST-COMPLETE-TEMPLATE-128,release_execution_template_pack/01-发布执行记录模板索引.csv,yes,yes
REL-TPL-JL-REL-03,GR-06,release_execution_template_review,JL-REL-03,体系文件培训宣贯与理解确认记录,质量负责人/文件管理员/培训责任人,pending_human_review,accepted_for_preview,closed,yes,no,no,TEST-COMPLETE-REFRESH-129,TEST-COMPLETE-TEMPLATE-129,release_execution_template_pack/01-发布执行记录模板索引.csv,yes,yes
REL-TPL-JL-REL-04,GR-06,release_execution_template_review,JL-REL-04,旧版文件回收作废与留存记录,文件管理员,pending_human_review,accepted_for_preview,closed,yes,no,no,TEST-COMPLETE-REFRESH-130,TEST-COMPLETE-TEMPLATE-130,release_execution_template_pack/01-发布执行记录模板索引.csv,yes,yes
REL-TPL-JL-REL-05,GR-06,release_execution_template_review,JL-REL-05,实施有效性检查与问题跟踪记录,质量负责人/内审员/过程负责人,pending_human_review,accepted_for_preview,closed,yes,no,no,TEST-COMPLETE-REFRESH-131,TEST-COMPLETE-TEMPLATE-131,release_execution_template_pack/01-发布执行记录模板索引.csv,yes,yes
REL-TPL-JL-REL-06,GR-06,release_execution_template_review,JL-REL-06,jewelry-qms试运行与适用性确认记录,质量负责人/系统管理员/文件管理员,pending_human_review,accepted_for_preview,closed,yes,no,no,TEST-COMPLETE-REFRESH-132,TEST-COMPLETE-TEMPLATE-132,release_execution_template_pack/01-发布执行记录模板索引.csv,yes,yes
TRN-001-R01,GR-07,staff_learning_task,TRN-001,第五版质量手册主要变化宣贯,全体影响检测活动人员,pending,accepted_for_preview,closed,yes,no,no,TEST-COMPLETE-REFRESH-133,TEST-COMPLETE-TEMPLATE-133,staff_training_implementation_pack/01-岗位学习任务矩阵.csv,yes,yes
TRN-001-R02,GR-07,staff_learning_task,TRN-001,第五版质量手册主要变化宣贯,管理层,pending,accepted_for_preview,closed,yes,no,no,TEST-COMPLETE-REFRESH-134,TEST-COMPLETE-TEMPLATE-134,staff_training_implementation_pack/01-岗位学习任务矩阵.csv,yes,yes
TRN-001-R03,GR-07,staff_learning_task,TRN-001,第五版质量手册主要变化宣贯,授权签字人,pending,accepted_for_preview,closed,yes,no,no,TEST-COMPLETE-REFRESH-135,TEST-COMPLETE-TEMPLATE-135,staff_training_implementation_pack/01-岗位学习任务矩阵.csv,yes,yes
TRN-002-R01,GR-07,staff_learning_task,TRN-002,LIMS 2022 程序目录现行状态确认,文件管理员,pending,accepted_for_preview,closed,yes,no,no,TEST-COMPLETE-REFRESH-136,TEST-COMPLETE-TEMPLATE-136,staff_training_implementation_pack/01-岗位学习任务矩阵.csv,yes,yes
TRN-002-R02,GR-07,staff_learning_task,TRN-002,LIMS 2022 程序目录现行状态确认,质量负责人,pending,accepted_for_preview,closed,yes,no,no,TEST-COMPLETE-REFRESH-137,TEST-COMPLETE-TEMPLATE-137,staff_training_implementation_pack/01-岗位学习任务矩阵.csv,yes,yes
TRN-002-R03,GR-07,staff_learning_task,TRN-002,LIMS 2022 程序目录现行状态确认,相关过程负责人,pending,accepted_for_preview,closed,yes,no,no,TEST-COMPLETE-REFRESH-138,TEST-COMPLETE-TEMPLATE-138,staff_training_implementation_pack/01-岗位学习任务矩阵.csv,yes,yes
TRN-003-R01,GR-07,staff_learning_task,TRN-003,jewelry-qms 建设中系统使用边界,文件管理员,pending,accepted_for_preview,closed,yes,no,no,TEST-COMPLETE-REFRESH-139,TEST-COMPLETE-TEMPLATE-139,staff_training_implementation_pack/01-岗位学习任务矩阵.csv,yes,yes
TRN-003-R02,GR-07,staff_learning_task,TRN-003,jewelry-qms 建设中系统使用边界,质量负责人,pending,accepted_for_preview,closed,yes,no,no,TEST-COMPLETE-REFRESH-140,TEST-COMPLETE-TEMPLATE-140,staff_training_implementation_pack/01-岗位学习任务矩阵.csv,yes,yes
TRN-003-R03,GR-07,staff_learning_task,TRN-003,jewelry-qms 建设中系统使用边界,系统管理员,pending,accepted_for_preview,closed,yes,no,no,TEST-COMPLETE-REFRESH-141,TEST-COMPLETE-TEMPLATE-141,staff_training_implementation_pack/01-岗位学习任务矩阵.csv,yes,yes
TRN-003-R04,GR-07,staff_learning_task,TRN-003,jewelry-qms 建设中系统使用边界,试运行人员,pending,accepted_for_preview,closed,yes,no,no,TEST-COMPLETE-REFRESH-142,TEST-COMPLETE-TEMPLATE-142,staff_training_implementation_pack/01-岗位学习任务矩阵.csv,yes,yes
TRN-004-R01,GR-07,staff_learning_task,TRN-004,候选记录模板填写与更正规则,对应过程填写人员,pending,accepted_for_preview,closed,yes,no,no,TEST-COMPLETE-REFRESH-143,TEST-COMPLETE-TEMPLATE-143,staff_training_implementation_pack/01-岗位学习任务矩阵.csv,yes,yes
TRN-004-R02,GR-07,staff_learning_task,TRN-004,候选记录模板填写与更正规则,复核人员,pending,accepted_for_preview,closed,yes,no,no,TEST-COMPLETE-REFRESH-144,TEST-COMPLETE-TEMPLATE-144,staff_training_implementation_pack/01-岗位学习任务矩阵.csv,yes,yes
TRN-004-R03,GR-07,staff_learning_task,TRN-004,候选记录模板填写与更正规则,文件管理员,pending,accepted_for_preview,closed,yes,no,no,TEST-COMPLETE-REFRESH-145,TEST-COMPLETE-TEMPLATE-145,staff_training_implementation_pack/01-岗位学习任务矩阵.csv,yes,yes
TRN-005-R01,GR-07,staff_learning_task,TRN-005,候选记录模板填写与更正规则,对应过程填写人员,pending,accepted_for_preview,closed,yes,no,no,TEST-COMPLETE-REFRESH-146,TEST-COMPLETE-TEMPLATE-146,staff_training_implementation_pack/01-岗位学习任务矩阵.csv,yes,yes
TRN-005-R02,GR-07,staff_learning_task,TRN-005,候选记录模板填写与更正规则,复核人员,pending,accepted_for_preview,closed,yes,no,no,TEST-COMPLETE-REFRESH-147,TEST-COMPLETE-TEMPLATE-147,staff_training_implementation_pack/01-岗位学习任务矩阵.csv,yes,yes
TRN-005-R03,GR-07,staff_learning_task,TRN-005,候选记录模板填写与更正规则,文件管理员,pending,accepted_for_preview,closed,yes,no,no,TEST-COMPLETE-REFRESH-148,TEST-COMPLETE-TEMPLATE-148,staff_training_implementation_pack/01-岗位学习任务矩阵.csv,yes,yes
TRN-006-R01,GR-07,staff_learning_task,TRN-006,候选记录模板填写与更正规则,对应过程填写人员,pending,accepted_for_preview,closed,yes,no,no,TEST-COMPLETE-REFRESH-149,TEST-COMPLETE-TEMPLATE-149,staff_training_implementation_pack/01-岗位学习任务矩阵.csv,yes,yes
TRN-006-R02,GR-07,staff_learning_task,TRN-006,候选记录模板填写与更正规则,复核人员,pending,accepted_for_preview,closed,yes,no,no,TEST-COMPLETE-REFRESH-150,TEST-COMPLETE-TEMPLATE-150,staff_training_implementation_pack/01-岗位学习任务矩阵.csv,yes,yes
TRN-006-R03,GR-07,staff_learning_task,TRN-006,候选记录模板填写与更正规则,文件管理员,pending,accepted_for_preview,closed,yes,no,no,TEST-COMPLETE-REFRESH-151,TEST-COMPLETE-TEMPLATE-151,staff_training_implementation_pack/01-岗位学习任务矩阵.csv,yes,yes
TRN-007-R01,GR-07,staff_learning_task,TRN-007,候选记录模板填写与更正规则,对应过程填写人员,pending,accepted_for_preview,closed,yes,no,no,TEST-COMPLETE-REFRESH-152,TEST-COMPLETE-TEMPLATE-152,staff_training_implementation_pack/01-岗位学习任务矩阵.csv,yes,yes
TRN-007-R02,GR-07,staff_learning_task,TRN-007,候选记录模板填写与更正规则,复核人员,pending,accepted_for_preview,closed,yes,no,no,TEST-COMPLETE-REFRESH-153,TEST-COMPLETE-TEMPLATE-153,staff_training_implementation_pack/01-岗位学习任务矩阵.csv,yes,yes
TRN-007-R03,GR-07,staff_learning_task,TRN-007,候选记录模板填写与更正规则,文件管理员,pending,accepted_for_preview,closed,yes,no,no,TEST-COMPLETE-REFRESH-154,TEST-COMPLETE-TEMPLATE-154,staff_training_implementation_pack/01-岗位学习任务矩阵.csv,yes,yes
TRN-008-R01,GR-07,staff_learning_task,TRN-008,候选记录模板填写与更正规则,对应过程填写人员,pending,accepted_for_preview,closed,yes,no,no,TEST-COMPLETE-REFRESH-155,TEST-COMPLETE-TEMPLATE-155,staff_training_implementation_pack/01-岗位学习任务矩阵.csv,yes,yes
TRN-008-R02,GR-07,staff_learning_task,TRN-008,候选记录模板填写与更正规则,复核人员,pending,accepted_for_preview,closed,yes,no,no,TEST-COMPLETE-REFRESH-156,TEST-COMPLETE-TEMPLATE-156,staff_training_implementation_pack/01-岗位学习任务矩阵.csv,yes,yes
TRN-008-R03,GR-07,staff_learning_task,TRN-008,候选记录模板填写与更正规则,文件管理员,pending,accepted_for_preview,closed,yes,no,no,TEST-COMPLETE-REFRESH-157,TEST-COMPLETE-TEMPLATE-157,staff_training_implementation_pack/01-岗位学习任务矩阵.csv,yes,yes
TRN-009-R01,GR-07,staff_learning_task,TRN-009,候选记录模板填写与更正规则,对应过程填写人员,pending,accepted_for_preview,closed,yes,no,no,TEST-COMPLETE-REFRESH-158,TEST-COMPLETE-TEMPLATE-158,staff_training_implementation_pack/01-岗位学习任务矩阵.csv,yes,yes
TRN-009-R02,GR-07,staff_learning_task,TRN-009,候选记录模板填写与更正规则,复核人员,pending,accepted_for_preview,closed,yes,no,no,TEST-COMPLETE-REFRESH-159,TEST-COMPLETE-TEMPLATE-159,staff_training_implementation_pack/01-岗位学习任务矩阵.csv,yes,yes
TRN-009-R03,GR-07,staff_learning_task,TRN-009,候选记录模板填写与更正规则,文件管理员,pending,accepted_for_preview,closed,yes,no,no,TEST-COMPLETE-REFRESH-160,TEST-COMPLETE-TEMPLATE-160,staff_training_implementation_pack/01-岗位学习任务矩阵.csv,yes,yes
TRN-010-R01,GR-07,staff_learning_task,TRN-010,候选记录模板填写与更正规则,对应过程填写人员,pending,accepted_for_preview,closed,yes,no,no,TEST-COMPLETE-REFRESH-161,TEST-COMPLETE-TEMPLATE-161,staff_training_implementation_pack/01-岗位学习任务矩阵.csv,yes,yes
TRN-010-R02,GR-07,staff_learning_task,TRN-010,候选记录模板填写与更正规则,复核人员,pending,accepted_for_preview,closed,yes,no,no,TEST-COMPLETE-REFRESH-162,TEST-COMPLETE-TEMPLATE-162,staff_training_implementation_pack/01-岗位学习任务矩阵.csv,yes,yes
TRN-010-R03,GR-07,staff_learning_task,TRN-010,候选记录模板填写与更正规则,文件管理员,pending,accepted_for_preview,closed,yes,no,no,TEST-COMPLETE-REFRESH-163,TEST-COMPLETE-TEMPLATE-163,staff_training_implementation_pack/01-岗位学习任务矩阵.csv,yes,yes
TRN-011-R01,GR-07,staff_learning_task,TRN-011,候选记录模板填写与更正规则,对应过程填写人员,pending,accepted_for_preview,closed,yes,no,no,TEST-COMPLETE-REFRESH-164,TEST-COMPLETE-TEMPLATE-164,staff_training_implementation_pack/01-岗位学习任务矩阵.csv,yes,yes
TRN-011-R02,GR-07,staff_learning_task,TRN-011,候选记录模板填写与更正规则,复核人员,pending,accepted_for_preview,closed,yes,no,no,TEST-COMPLETE-REFRESH-165,TEST-COMPLETE-TEMPLATE-165,staff_training_implementation_pack/01-岗位学习任务矩阵.csv,yes,yes
TRN-011-R03,GR-07,staff_learning_task,TRN-011,候选记录模板填写与更正规则,文件管理员,pending,accepted_for_preview,closed,yes,no,no,TEST-COMPLETE-REFRESH-166,TEST-COMPLETE-TEMPLATE-166,staff_training_implementation_pack/01-岗位学习任务矩阵.csv,yes,yes
TRN-012-R01,GR-07,staff_learning_task,TRN-012,候选记录模板填写与更正规则,对应过程填写人员,pending,accepted_for_preview,closed,yes,no,no,TEST-COMPLETE-REFRESH-167,TEST-COMPLETE-TEMPLATE-167,staff_training_implementation_pack/01-岗位学习任务矩阵.csv,yes,yes
TRN-012-R02,GR-07,staff_learning_task,TRN-012,候选记录模板填写与更正规则,复核人员,pending,accepted_for_preview,closed,yes,no,no,TEST-COMPLETE-REFRESH-168,TEST-COMPLETE-TEMPLATE-168,staff_training_implementation_pack/01-岗位学习任务矩阵.csv,yes,yes
TRN-012-R03,GR-07,staff_learning_task,TRN-012,候选记录模板填写与更正规则,文件管理员,pending,accepted_for_preview,closed,yes,no,no,TEST-COMPLETE-REFRESH-169,TEST-COMPLETE-TEMPLATE-169,staff_training_implementation_pack/01-岗位学习任务矩阵.csv,yes,yes
TRN-013-R01,GR-07,staff_learning_task,TRN-013,候选记录模板填写与更正规则,对应过程填写人员,pending,accepted_for_preview,closed,yes,no,no,TEST-COMPLETE-REFRESH-170,TEST-COMPLETE-TEMPLATE-170,staff_training_implementation_pack/01-岗位学习任务矩阵.csv,yes,yes
TRN-013-R02,GR-07,staff_learning_task,TRN-013,候选记录模板填写与更正规则,复核人员,pending,accepted_for_preview,closed,yes,no,no,TEST-COMPLETE-REFRESH-171,TEST-COMPLETE-TEMPLATE-171,staff_training_implementation_pack/01-岗位学习任务矩阵.csv,yes,yes
TRN-013-R03,GR-07,staff_learning_task,TRN-013,候选记录模板填写与更正规则,文件管理员,pending,accepted_for_preview,closed,yes,no,no,TEST-COMPLETE-REFRESH-172,TEST-COMPLETE-TEMPLATE-172,staff_training_implementation_pack/01-岗位学习任务矩阵.csv,yes,yes
TRN-014-R01,GR-07,staff_learning_task,TRN-014,候选记录模板填写与更正规则,对应过程填写人员,pending,accepted_for_preview,closed,yes,no,no,TEST-COMPLETE-REFRESH-173,TEST-COMPLETE-TEMPLATE-173,staff_training_implementation_pack/01-岗位学习任务矩阵.csv,yes,yes
TRN-014-R02,GR-07,staff_learning_task,TRN-014,候选记录模板填写与更正规则,复核人员,pending,accepted_for_preview,closed,yes,no,no,TEST-COMPLETE-REFRESH-174,TEST-COMPLETE-TEMPLATE-174,staff_training_implementation_pack/01-岗位学习任务矩阵.csv,yes,yes
TRN-014-R03,GR-07,staff_learning_task,TRN-014,候选记录模板填写与更正规则,文件管理员,pending,accepted_for_preview,closed,yes,no,no,TEST-COMPLETE-REFRESH-175,TEST-COMPLETE-TEMPLATE-175,staff_training_implementation_pack/01-岗位学习任务矩阵.csv,yes,yes
TRN-015-R01,GR-07,staff_learning_task,TRN-015,候选记录模板填写与更正规则,对应过程填写人员,pending,accepted_for_preview,closed,yes,no,no,TEST-COMPLETE-REFRESH-176,TEST-COMPLETE-TEMPLATE-176,staff_training_implementation_pack/01-岗位学习任务矩阵.csv,yes,yes
TRN-015-R02,GR-07,staff_learning_task,TRN-015,候选记录模板填写与更正规则,复核人员,pending,accepted_for_preview,closed,yes,no,no,TEST-COMPLETE-REFRESH-177,TEST-COMPLETE-TEMPLATE-177,staff_training_implementation_pack/01-岗位学习任务矩阵.csv,yes,yes
TRN-015-R03,GR-07,staff_learning_task,TRN-015,候选记录模板填写与更正规则,文件管理员,pending,accepted_for_preview,closed,yes,no,no,TEST-COMPLETE-REFRESH-178,TEST-COMPLETE-TEMPLATE-178,staff_training_implementation_pack/01-岗位学习任务矩阵.csv,yes,yes
TRN-016-R01,GR-07,staff_learning_task,TRN-016,候选记录模板填写与更正规则,对应过程填写人员,pending,accepted_for_preview,closed,yes,no,no,TEST-COMPLETE-REFRESH-179,TEST-COMPLETE-TEMPLATE-179,staff_training_implementation_pack/01-岗位学习任务矩阵.csv,yes,yes
TRN-016-R02,GR-07,staff_learning_task,TRN-016,候选记录模板填写与更正规则,复核人员,pending,accepted_for_preview,closed,yes,no,no,TEST-COMPLETE-REFRESH-180,TEST-COMPLETE-TEMPLATE-180,staff_training_implementation_pack/01-岗位学习任务矩阵.csv,yes,yes
TRN-016-R03,GR-07,staff_learning_task,TRN-016,候选记录模板填写与更正规则,文件管理员,pending,accepted_for_preview,closed,yes,no,no,TEST-COMPLETE-REFRESH-181,TEST-COMPLETE-TEMPLATE-181,staff_training_implementation_pack/01-岗位学习任务矩阵.csv,yes,yes
TRN-017-R01,GR-07,staff_learning_task,TRN-017,候选记录模板填写与更正规则,对应过程填写人员,pending,accepted_for_preview,closed,yes,no,no,TEST-COMPLETE-REFRESH-182,TEST-COMPLETE-TEMPLATE-182,staff_training_implementation_pack/01-岗位学习任务矩阵.csv,yes,yes
TRN-017-R02,GR-07,staff_learning_task,TRN-017,候选记录模板填写与更正规则,复核人员,pending,accepted_for_preview,closed,yes,no,no,TEST-COMPLETE-REFRESH-183,TEST-COMPLETE-TEMPLATE-183,staff_training_implementation_pack/01-岗位学习任务矩阵.csv,yes,yes
TRN-017-R03,GR-07,staff_learning_task,TRN-017,候选记录模板填写与更正规则,文件管理员,pending,accepted_for_preview,closed,yes,no,no,TEST-COMPLETE-REFRESH-184,TEST-COMPLETE-TEMPLATE-184,staff_training_implementation_pack/01-岗位学习任务矩阵.csv,yes,yes
TRN-018-R01,GR-07,staff_learning_task,TRN-018,候选记录模板填写与更正规则,对应过程填写人员,pending,accepted_for_preview,closed,yes,no,no,TEST-COMPLETE-REFRESH-185,TEST-COMPLETE-TEMPLATE-185,staff_training_implementation_pack/01-岗位学习任务矩阵.csv,yes,yes
TRN-018-R02,GR-07,staff_learning_task,TRN-018,候选记录模板填写与更正规则,复核人员,pending,accepted_for_preview,closed,yes,no,no,TEST-COMPLETE-REFRESH-186,TEST-COMPLETE-TEMPLATE-186,staff_training_implementation_pack/01-岗位学习任务矩阵.csv,yes,yes
TRN-018-R03,GR-07,staff_learning_task,TRN-018,候选记录模板填写与更正规则,文件管理员,pending,accepted_for_preview,closed,yes,no,no,TEST-COMPLETE-REFRESH-187,TEST-COMPLETE-TEMPLATE-187,staff_training_implementation_pack/01-岗位学习任务矩阵.csv,yes,yes
TRN-019-R01,GR-07,staff_learning_task,TRN-019,候选记录模板填写与更正规则,对应过程填写人员,pending,accepted_for_preview,closed,yes,no,no,TEST-COMPLETE-REFRESH-188,TEST-COMPLETE-TEMPLATE-188,staff_training_implementation_pack/01-岗位学习任务矩阵.csv,yes,yes
TRN-019-R02,GR-07,staff_learning_task,TRN-019,候选记录模板填写与更正规则,复核人员,pending,accepted_for_preview,closed,yes,no,no,TEST-COMPLETE-REFRESH-189,TEST-COMPLETE-TEMPLATE-189,staff_training_implementation_pack/01-岗位学习任务矩阵.csv,yes,yes
TRN-019-R03,GR-07,staff_learning_task,TRN-019,候选记录模板填写与更正规则,文件管理员,pending,accepted_for_preview,closed,yes,no,no,TEST-COMPLETE-REFRESH-190,TEST-COMPLETE-TEMPLATE-190,staff_training_implementation_pack/01-岗位学习任务矩阵.csv,yes,yes
TRN-020-R01,GR-07,staff_learning_task,TRN-020,候选记录模板填写与更正规则,对应过程填写人员,pending,accepted_for_preview,closed,yes,no,no,TEST-COMPLETE-REFRESH-191,TEST-COMPLETE-TEMPLATE-191,staff_training_implementation_pack/01-岗位学习任务矩阵.csv,yes,yes
TRN-020-R02,GR-07,staff_learning_task,TRN-020,候选记录模板填写与更正规则,复核人员,pending,accepted_for_preview,closed,yes,no,no,TEST-COMPLETE-REFRESH-192,TEST-COMPLETE-TEMPLATE-192,staff_training_implementation_pack/01-岗位学习任务矩阵.csv,yes,yes
TRN-020-R03,GR-07,staff_learning_task,TRN-020,候选记录模板填写与更正规则,文件管理员,pending,accepted_for_preview,closed,yes,no,no,TEST-COMPLETE-REFRESH-193,TEST-COMPLETE-TEMPLATE-193,staff_training_implementation_pack/01-岗位学习任务矩阵.csv,yes,yes
TRN-021-R01,GR-07,staff_learning_task,TRN-021,候选记录模板填写与更正规则,对应过程填写人员,pending,accepted_for_preview,closed,yes,no,no,TEST-COMPLETE-REFRESH-194,TEST-COMPLETE-TEMPLATE-194,staff_training_implementation_pack/01-岗位学习任务矩阵.csv,yes,yes
TRN-021-R02,GR-07,staff_learning_task,TRN-021,候选记录模板填写与更正规则,复核人员,pending,accepted_for_preview,closed,yes,no,no,TEST-COMPLETE-REFRESH-195,TEST-COMPLETE-TEMPLATE-195,staff_training_implementation_pack/01-岗位学习任务矩阵.csv,yes,yes
TRN-021-R03,GR-07,staff_learning_task,TRN-021,候选记录模板填写与更正规则,文件管理员,pending,accepted_for_preview,closed,yes,no,no,TEST-COMPLETE-REFRESH-196,TEST-COMPLETE-TEMPLATE-196,staff_training_implementation_pack/01-岗位学习任务矩阵.csv,yes,yes
TRN-022-R01,GR-07,staff_learning_task,TRN-022,候选记录模板填写与更正规则,对应过程填写人员,pending,accepted_for_preview,closed,yes,no,no,TEST-COMPLETE-REFRESH-197,TEST-COMPLETE-TEMPLATE-197,staff_training_implementation_pack/01-岗位学习任务矩阵.csv,yes,yes
TRN-022-R02,GR-07,staff_learning_task,TRN-022,候选记录模板填写与更正规则,复核人员,pending,accepted_for_preview,closed,yes,no,no,TEST-COMPLETE-REFRESH-198,TEST-COMPLETE-TEMPLATE-198,staff_training_implementation_pack/01-岗位学习任务矩阵.csv,yes,yes
TRN-022-R03,GR-07,staff_learning_task,TRN-022,候选记录模板填写与更正规则,文件管理员,pending,accepted_for_preview,closed,yes,no,no,TEST-COMPLETE-REFRESH-199,TEST-COMPLETE-TEMPLATE-199,staff_training_implementation_pack/01-岗位学习任务矩阵.csv,yes,yes
TRN-023-R01,GR-07,staff_learning_task,TRN-023,候选记录模板填写与更正规则,对应过程填写人员,pending,accepted_for_preview,closed,yes,no,no,TEST-COMPLETE-REFRESH-200,TEST-COMPLETE-TEMPLATE-200,staff_training_implementation_pack/01-岗位学习任务矩阵.csv,yes,yes
TRN-023-R02,GR-07,staff_learning_task,TRN-023,候选记录模板填写与更正规则,复核人员,pending,accepted_for_preview,closed,yes,no,no,TEST-COMPLETE-REFRESH-201,TEST-COMPLETE-TEMPLATE-201,staff_training_implementation_pack/01-岗位学习任务矩阵.csv,yes,yes
TRN-023-R03,GR-07,staff_learning_task,TRN-023,候选记录模板填写与更正规则,文件管理员,pending,accepted_for_preview,closed,yes,no,no,TEST-COMPLETE-REFRESH-202,TEST-COMPLETE-TEMPLATE-202,staff_training_implementation_pack/01-岗位学习任务矩阵.csv,yes,yes
TRN-024-R01,GR-07,staff_learning_task,TRN-024,候选记录模板填写与更正规则,对应过程填写人员,pending,accepted_for_preview,closed,yes,no,no,TEST-COMPLETE-REFRESH-203,TEST-COMPLETE-TEMPLATE-203,staff_training_implementation_pack/01-岗位学习任务矩阵.csv,yes,yes
TRN-024-R02,GR-07,staff_learning_task,TRN-024,候选记录模板填写与更正规则,复核人员,pending,accepted_for_preview,closed,yes,no,no,TEST-COMPLETE-REFRESH-204,TEST-COMPLETE-TEMPLATE-204,staff_training_implementation_pack/01-岗位学习任务矩阵.csv,yes,yes
TRN-024-R03,GR-07,staff_learning_task,TRN-024,候选记录模板填写与更正规则,文件管理员,pending,accepted_for_preview,closed,yes,no,no,TEST-COMPLETE-REFRESH-205,TEST-COMPLETE-TEMPLATE-205,staff_training_implementation_pack/01-岗位学习任务矩阵.csv,yes,yes
TRN-025-R01,GR-07,staff_learning_task,TRN-025,候选记录模板填写与更正规则,对应过程填写人员,pending,accepted_for_preview,closed,yes,no,no,TEST-COMPLETE-REFRESH-206,TEST-COMPLETE-TEMPLATE-206,staff_training_implementation_pack/01-岗位学习任务矩阵.csv,yes,yes
TRN-025-R02,GR-07,staff_learning_task,TRN-025,候选记录模板填写与更正规则,复核人员,pending,accepted_for_preview,closed,yes,no,no,TEST-COMPLETE-REFRESH-207,TEST-COMPLETE-TEMPLATE-207,staff_training_implementation_pack/01-岗位学习任务矩阵.csv,yes,yes
TRN-025-R03,GR-07,staff_learning_task,TRN-025,候选记录模板填写与更正规则,文件管理员,pending,accepted_for_preview,closed,yes,no,no,TEST-COMPLETE-REFRESH-208,TEST-COMPLETE-TEMPLATE-208,staff_training_implementation_pack/01-岗位学习任务矩阵.csv,yes,yes
TRN-026-R01,GR-07,staff_learning_task,TRN-026,候选记录模板填写与更正规则,对应过程填写人员,pending,accepted_for_preview,closed,yes,no,no,TEST-COMPLETE-REFRESH-209,TEST-COMPLETE-TEMPLATE-209,staff_training_implementation_pack/01-岗位学习任务矩阵.csv,yes,yes
TRN-026-R02,GR-07,staff_learning_task,TRN-026,候选记录模板填写与更正规则,复核人员,pending,accepted_for_preview,closed,yes,no,no,TEST-COMPLETE-REFRESH-210,TEST-COMPLETE-TEMPLATE-210,staff_training_implementation_pack/01-岗位学习任务矩阵.csv,yes,yes
TRN-026-R03,GR-07,staff_learning_task,TRN-026,候选记录模板填写与更正规则,文件管理员,pending,accepted_for_preview,closed,yes,no,no,TEST-COMPLETE-REFRESH-211,TEST-COMPLETE-TEMPLATE-211,staff_training_implementation_pack/01-岗位学习任务矩阵.csv,yes,yes
TRN-027-R01,GR-07,staff_learning_task,TRN-027,候选记录模板填写与更正规则,对应过程填写人员,pending,accepted_for_preview,closed,yes,no,no,TEST-COMPLETE-REFRESH-212,TEST-COMPLETE-TEMPLATE-212,staff_training_implementation_pack/01-岗位学习任务矩阵.csv,yes,yes
TRN-027-R02,GR-07,staff_learning_task,TRN-027,候选记录模板填写与更正规则,复核人员,pending,accepted_for_preview,closed,yes,no,no,TEST-COMPLETE-REFRESH-213,TEST-COMPLETE-TEMPLATE-213,staff_training_implementation_pack/01-岗位学习任务矩阵.csv,yes,yes
TRN-027-R03,GR-07,staff_learning_task,TRN-027,候选记录模板填写与更正规则,文件管理员,pending,accepted_for_preview,closed,yes,no,no,TEST-COMPLETE-REFRESH-214,TEST-COMPLETE-TEMPLATE-214,staff_training_implementation_pack/01-岗位学习任务矩阵.csv,yes,yes
TRN-028-R01,GR-07,staff_learning_task,TRN-028,候选记录模板填写与更正规则,对应过程填写人员,pending,accepted_for_preview,closed,yes,no,no,TEST-COMPLETE-REFRESH-215,TEST-COMPLETE-TEMPLATE-215,staff_training_implementation_pack/01-岗位学习任务矩阵.csv,yes,yes
TRN-028-R02,GR-07,staff_learning_task,TRN-028,候选记录模板填写与更正规则,复核人员,pending,accepted_for_preview,closed,yes,no,no,TEST-COMPLETE-REFRESH-216,TEST-COMPLETE-TEMPLATE-216,staff_training_implementation_pack/01-岗位学习任务矩阵.csv,yes,yes
TRN-028-R03,GR-07,staff_learning_task,TRN-028,候选记录模板填写与更正规则,文件管理员,pending,accepted_for_preview,closed,yes,no,no,TEST-COMPLETE-REFRESH-217,TEST-COMPLETE-TEMPLATE-217,staff_training_implementation_pack/01-岗位学习任务矩阵.csv,yes,yes
TRN-029-R01,GR-07,staff_learning_task,TRN-029,候选记录模板填写与更正规则,对应过程填写人员,pending,accepted_for_preview,closed,yes,no,no,TEST-COMPLETE-REFRESH-218,TEST-COMPLETE-TEMPLATE-218,staff_training_implementation_pack/01-岗位学习任务矩阵.csv,yes,yes
TRN-029-R02,GR-07,staff_learning_task,TRN-029,候选记录模板填写与更正规则,复核人员,pending,accepted_for_preview,closed,yes,no,no,TEST-COMPLETE-REFRESH-219,TEST-COMPLETE-TEMPLATE-219,staff_training_implementation_pack/01-岗位学习任务矩阵.csv,yes,yes
TRN-029-R03,GR-07,staff_learning_task,TRN-029,候选记录模板填写与更正规则,文件管理员,pending,accepted_for_preview,closed,yes,no,no,TEST-COMPLETE-REFRESH-220,TEST-COMPLETE-TEMPLATE-220,staff_training_implementation_pack/01-岗位学习任务矩阵.csv,yes,yes
Q-001,GR-08,comprehension_question,质量手册,第五版候选稿目前能否直接替代第四版？,质量负责人；文件管理员；相关过程负责人,pending,accepted_for_preview,closed,yes,no,no,TEST-COMPLETE-REFRESH-221,TEST-COMPLETE-TEMPLATE-221,staff_training_implementation_pack/03-理解确认题库.csv,yes,yes
Q-002,GR-08,comprehension_question,资质状态,手册和培训材料中 CNAS 状态应如何表述？,质量负责人；文件管理员；相关过程负责人,pending,accepted_for_preview,closed,yes,no,no,TEST-COMPLETE-REFRESH-222,TEST-COMPLETE-TEMPLATE-222,staff_training_implementation_pack/03-理解确认题库.csv,yes,yes
Q-003,GR-08,comprehension_question,程序目录,当前程序目录基线是什么？,质量负责人；文件管理员；相关过程负责人,pending,accepted_for_preview,closed,yes,no,no,TEST-COMPLETE-REFRESH-223,TEST-COMPLETE-TEMPLATE-223,staff_training_implementation_pack/03-理解确认题库.csv,yes,yes
Q-004,GR-08,comprehension_question,05-02,XZTC/CX-05-02-2022 当前为什么不能直接当普通程序发布？,质量负责人；文件管理员；相关过程负责人,pending,accepted_for_preview,closed,yes,no,no,TEST-COMPLETE-REFRESH-224,TEST-COMPLETE-TEMPLATE-224,staff_training_implementation_pack/03-理解确认题库.csv,yes,yes
Q-005,GR-08,comprehension_question,记录模板,候选记录模板启用前至少要确认哪些字段问题？,质量负责人；文件管理员；相关过程负责人,pending,accepted_for_preview,closed,yes,no,no,TEST-COMPLETE-REFRESH-225,TEST-COMPLETE-TEMPLATE-225,staff_training_implementation_pack/03-理解确认题库.csv,yes,yes
Q-006,GR-08,comprehension_question,模拟试填,全量试填样表是否可以作为真实运行记录？,质量负责人；文件管理员；相关过程负责人,pending,accepted_for_preview,closed,yes,no,no,TEST-COMPLETE-REFRESH-226,TEST-COMPLETE-TEMPLATE-226,staff_training_implementation_pack/03-理解确认题库.csv,yes,yes
Q-007,GR-08,comprehension_question,质量手册修订,XZTC/SC 第五版候选稿为什么不能按新增同编号草稿直接写入？,质量负责人；文件管理员；相关过程负责人,pending,accepted_for_preview,closed,yes,no,no,TEST-COMPLETE-REFRESH-227,TEST-COMPLETE-TEMPLATE-227,staff_training_implementation_pack/03-理解确认题库.csv,yes,yes
Q-008,GR-08,comprehension_question,受控发布,文件批准后还需留下哪些发布证据？,质量负责人；文件管理员；相关过程负责人,pending,accepted_for_preview,closed,yes,no,no,TEST-COMPLETE-REFRESH-228,TEST-COMPLETE-TEMPLATE-228,staff_training_implementation_pack/03-理解确认题库.csv,yes,yes
Q-009,GR-08,comprehension_question,jewelry-qms,jewelry-qms 当前可否写入质量手册正文作为正式系统？,质量负责人；文件管理员；相关过程负责人,pending,accepted_for_preview,closed,yes,no,no,TEST-COMPLETE-REFRESH-229,TEST-COMPLETE-TEMPLATE-229,staff_training_implementation_pack/03-理解确认题库.csv,yes,yes
Q-010,GR-08,comprehension_question,LIMS 命令,真实 apply 的前置条件是什么？,质量负责人；文件管理员；相关过程负责人,pending,accepted_for_preview,closed,yes,no,no,TEST-COMPLETE-REFRESH-230,TEST-COMPLETE-TEMPLATE-230,staff_training_implementation_pack/03-理解确认题库.csv,yes,yes
Q-011,GR-08,comprehension_question,电子记录,LIMS/电子记录投入使用前应确认哪些方面？,质量负责人；文件管理员；相关过程负责人,pending,accepted_for_preview,closed,yes,no,no,TEST-COMPLETE-REFRESH-231,TEST-COMPLETE-TEMPLATE-231,staff_training_implementation_pack/03-理解确认题库.csv,yes,yes
Q-012,GR-08,comprehension_question,问题反馈,发现候选稿或模板问题时应如何回填？,质量负责人；文件管理员；相关过程负责人,pending,accepted_for_preview,closed,yes,no,no,TEST-COMPLETE-REFRESH-232,TEST-COMPLETE-TEMPLATE-232,staff_training_implementation_pack/03-理解确认题库.csv,yes,yes
FB-001,GR-09,feedback_closure,第五版候选手册正文事实错误或职责不匹配,10-质量手册第五版候选稿.md,待人工分配,pending,accepted_for_preview,closed,yes,no,no,TEST-COMPLETE-REFRESH-233,TEST-COMPLETE-TEMPLATE-233,staff_training_implementation_pack/04-问题反馈与修订回填模板.csv,yes,yes
FB-002,GR-09,feedback_closure,第四版到第五版修订说明需补充,11-第四版到第五版候选修订说明.md,待人工分配,pending,accepted_for_preview,closed,yes,no,no,TEST-COMPLETE-REFRESH-234,TEST-COMPLETE-TEMPLATE-234,staff_training_implementation_pack/04-问题反馈与修订回填模板.csv,yes,yes
FB-003,GR-09,feedback_closure,2022 程序目录或 05-02 归属有疑问,12-支持性程序目录-2022版.md,待人工分配,pending,accepted_for_preview,closed,yes,no,no,TEST-COMPLETE-REFRESH-235,TEST-COMPLETE-TEMPLATE-235,staff_training_implementation_pack/04-问题反馈与修订回填模板.csv,yes,yes
FB-004,GR-09,feedback_closure,候选记录模板字段需新增/删除/改名,record_template_field_catalog/02-字段级明细.csv,待人工分配,pending,accepted_for_preview,closed,yes,no,no,TEST-COMPLETE-REFRESH-236,TEST-COMPLETE-TEMPLATE-236,staff_training_implementation_pack/04-问题反馈与修订回填模板.csv,yes,yes
FB-005,GR-09,feedback_closure,保存期限、保密等级或保存位置待确认,record_template_field_catalog/02-字段级明细.csv,待人工分配,pending,accepted_for_preview,closed,yes,no,no,TEST-COMPLETE-REFRESH-237,TEST-COMPLETE-TEMPLATE-237,staff_training_implementation_pack/04-问题反馈与修订回填模板.csv,yes,yes
FB-006,GR-09,feedback_closure,质量手册修订/换版路径需调整,manual_revision_path_pack/04-人工决策闸门.csv,待人工分配,pending,accepted_for_preview,closed,yes,no,no,TEST-COMPLETE-REFRESH-238,TEST-COMPLETE-TEMPLATE-238,staff_training_implementation_pack/04-问题反馈与修订回填模板.csv,yes,yes
FB-007,GR-09,feedback_closure,受控发布、培训或旧版处置安排需调整,controlled_release_rehearsal/03-培训宣贯演练清单.csv,待人工分配,pending,accepted_for_preview,closed,yes,no,no,TEST-COMPLETE-REFRESH-239,TEST-COMPLETE-TEMPLATE-239,staff_training_implementation_pack/04-问题反馈与修订回填模板.csv,yes,yes
FB-008,GR-09,feedback_closure,jewelry-qms 试运行边界或系统字段需调整,14-jewelry-qms实施计划与验证方案.md,待人工分配,pending,accepted_for_preview,closed,yes,no,no,TEST-COMPLETE-REFRESH-240,TEST-COMPLETE-TEMPLATE-240,staff_training_implementation_pack/04-问题反馈与修订回填模板.csv,yes,yes
WRITE-PREVIEW-REVIEW,GR-10,write_preview_review,phase1,第一阶段 documents/record_form_templates/qms_sources 行级预览,系统管理员/文件管理员/质量负责人,pending,accepted_for_preview,closed,yes,no,no,TEST-COMPLETE-REFRESH-241,TEST-COMPLETE-TEMPLATE-241,lims_write_preview_package/write_preview_manifest.json,yes,yes
STG2-BLOCK-001,GR-11,stage2_structured_review,manual_v5_candidate_4_1,manual_v5_candidate_4_1,质量负责人/技术负责人/文件管理员,pending,accepted_for_preview,closed,yes,no,no,TEST-COMPLETE-REFRESH-242,TEST-COMPLETE-TEMPLATE-242,stage2_structured_review_workbench/05-人工复核意见回填模板.csv,yes,yes
STG2-BLOCK-002,GR-11,stage2_structured_review,manual_v5_candidate_4_2,manual_v5_candidate_4_2,质量负责人/技术负责人/文件管理员,pending,accepted_for_preview,closed,yes,no,no,TEST-COMPLETE-REFRESH-243,TEST-COMPLETE-TEMPLATE-243,stage2_structured_review_workbench/05-人工复核意见回填模板.csv,yes,yes
STG2-BLOCK-003,GR-11,stage2_structured_review,manual_v5_candidate_5,manual_v5_candidate_5,质量负责人/技术负责人/文件管理员,pending,accepted_for_preview,closed,yes,no,no,TEST-COMPLETE-REFRESH-244,TEST-COMPLETE-TEMPLATE-244,stage2_structured_review_workbench/05-人工复核意见回填模板.csv,yes,yes
STG2-BLOCK-004,GR-11,stage2_structured_review,manual_v5_candidate_6_1,manual_v5_candidate_6_1,质量负责人/技术负责人/文件管理员,pending,accepted_for_preview,closed,yes,no,no,TEST-COMPLETE-REFRESH-245,TEST-COMPLETE-TEMPLATE-245,stage2_structured_review_workbench/05-人工复核意见回填模板.csv,yes,yes
STG2-BLOCK-005,GR-11,stage2_structured_review,manual_v5_candidate_6_2,manual_v5_candidate_6_2,质量负责人/技术负责人/文件管理员,pending,accepted_for_preview,closed,yes,no,no,TEST-COMPLETE-REFRESH-246,TEST-COMPLETE-TEMPLATE-246,stage2_structured_review_workbench/05-人工复核意见回填模板.csv,yes,yes
STG2-BLOCK-006,GR-11,stage2_structured_review,manual_v5_candidate_6_3,manual_v5_candidate_6_3,质量负责人/技术负责人/文件管理员,pending,accepted_for_preview,closed,yes,no,no,TEST-COMPLETE-REFRESH-247,TEST-COMPLETE-TEMPLATE-247,stage2_structured_review_workbench/05-人工复核意见回填模板.csv,yes,yes
STG2-BLOCK-007,GR-11,stage2_structured_review,manual_v5_candidate_6_4,manual_v5_candidate_6_4,质量负责人/技术负责人/文件管理员,pending,accepted_for_preview,closed,yes,no,no,TEST-COMPLETE-REFRESH-248,TEST-COMPLETE-TEMPLATE-248,stage2_structured_review_workbench/05-人工复核意见回填模板.csv,yes,yes
STG2-BLOCK-008,GR-11,stage2_structured_review,manual_v5_candidate_6_5,manual_v5_candidate_6_5,质量负责人/技术负责人/文件管理员,pending,accepted_for_preview,closed,yes,no,no,TEST-COMPLETE-REFRESH-249,TEST-COMPLETE-TEMPLATE-249,stage2_structured_review_workbench/05-人工复核意见回填模板.csv,yes,yes
STG2-BLOCK-009,GR-11,stage2_structured_review,manual_v5_candidate_6_6,manual_v5_candidate_6_6,质量负责人/技术负责人/文件管理员,pending,accepted_for_preview,closed,yes,no,no,TEST-COMPLETE-REFRESH-250,TEST-COMPLETE-TEMPLATE-250,stage2_structured_review_workbench/05-人工复核意见回填模板.csv,yes,yes
STG2-BLOCK-010,GR-11,stage2_structured_review,manual_v5_candidate_7_1,manual_v5_candidate_7_1,质量负责人/技术负责人/文件管理员,pending,accepted_for_preview,closed,yes,no,no,TEST-COMPLETE-REFRESH-251,TEST-COMPLETE-TEMPLATE-251,stage2_structured_review_workbench/05-人工复核意见回填模板.csv,yes,yes
STG2-BLOCK-011,GR-11,stage2_structured_review,manual_v5_candidate_7_2,manual_v5_candidate_7_2,质量负责人/技术负责人/文件管理员,pending,accepted_for_preview,closed,yes,no,no,TEST-COMPLETE-REFRESH-252,TEST-COMPLETE-TEMPLATE-252,stage2_structured_review_workbench/05-人工复核意见回填模板.csv,yes,yes
STG2-BLOCK-012,GR-11,stage2_structured_review,manual_v5_candidate_7_3,manual_v5_candidate_7_3,质量负责人/技术负责人/文件管理员,pending,accepted_for_preview,closed,yes,no,no,TEST-COMPLETE-REFRESH-253,TEST-COMPLETE-TEMPLATE-253,stage2_structured_review_workbench/05-人工复核意见回填模板.csv,yes,yes
STG2-BLOCK-013,GR-11,stage2_structured_review,manual_v5_candidate_7_4,manual_v5_candidate_7_4,质量负责人/技术负责人/文件管理员,pending,accepted_for_preview,closed,yes,no,no,TEST-COMPLETE-REFRESH-254,TEST-COMPLETE-TEMPLATE-254,stage2_structured_review_workbench/05-人工复核意见回填模板.csv,yes,yes
STG2-BLOCK-014,GR-11,stage2_structured_review,manual_v5_candidate_7_5,manual_v5_candidate_7_5,质量负责人/技术负责人/文件管理员,pending,accepted_for_preview,closed,yes,no,no,TEST-COMPLETE-REFRESH-255,TEST-COMPLETE-TEMPLATE-255,stage2_structured_review_workbench/05-人工复核意见回填模板.csv,yes,yes
STG2-BLOCK-015,GR-11,stage2_structured_review,manual_v5_candidate_7_6,manual_v5_candidate_7_6,质量负责人/技术负责人/文件管理员,pending,accepted_for_preview,closed,yes,no,no,TEST-COMPLETE-REFRESH-256,TEST-COMPLETE-TEMPLATE-256,stage2_structured_review_workbench/05-人工复核意见回填模板.csv,yes,yes
STG2-BLOCK-016,GR-11,stage2_structured_review,manual_v5_candidate_7_7,manual_v5_candidate_7_7,质量负责人/技术负责人/文件管理员,pending,accepted_for_preview,closed,yes,no,no,TEST-COMPLETE-REFRESH-257,TEST-COMPLETE-TEMPLATE-257,stage2_structured_review_workbench/05-人工复核意见回填模板.csv,yes,yes
STG2-BLOCK-017,GR-11,stage2_structured_review,manual_v5_candidate_7_8,manual_v5_candidate_7_8,质量负责人/技术负责人/文件管理员,pending,accepted_for_preview,closed,yes,no,no,TEST-COMPLETE-REFRESH-258,TEST-COMPLETE-TEMPLATE-258,stage2_structured_review_workbench/05-人工复核意见回填模板.csv,yes,yes
STG2-BLOCK-018,GR-11,stage2_structured_review,manual_v5_candidate_7_9,manual_v5_candidate_7_9,质量负责人/技术负责人/文件管理员,pending,accepted_for_preview,closed,yes,no,no,TEST-COMPLETE-REFRESH-259,TEST-COMPLETE-TEMPLATE-259,stage2_structured_review_workbench/05-人工复核意见回填模板.csv,yes,yes
STG2-BLOCK-019,GR-11,stage2_structured_review,manual_v5_candidate_7_10,manual_v5_candidate_7_10,质量负责人/技术负责人/文件管理员,pending,accepted_for_preview,closed,yes,no,no,TEST-COMPLETE-REFRESH-260,TEST-COMPLETE-TEMPLATE-260,stage2_structured_review_workbench/05-人工复核意见回填模板.csv,yes,yes
STG2-BLOCK-020,GR-11,stage2_structured_review,manual_v5_candidate_7_11,manual_v5_candidate_7_11,质量负责人/技术负责人/文件管理员,pending,accepted_for_preview,closed,yes,no,no,TEST-COMPLETE-REFRESH-261,TEST-COMPLETE-TEMPLATE-261,stage2_structured_review_workbench/05-人工复核意见回填模板.csv,yes,yes
STG2-BLOCK-021,GR-11,stage2_structured_review,manual_v5_candidate_8_1,manual_v5_candidate_8_1,质量负责人/技术负责人/文件管理员,pending,accepted_for_preview,closed,yes,no,no,TEST-COMPLETE-REFRESH-262,TEST-COMPLETE-TEMPLATE-262,stage2_structured_review_workbench/05-人工复核意见回填模板.csv,yes,yes
STG2-BLOCK-022,GR-11,stage2_structured_review,manual_v5_candidate_8_2,manual_v5_candidate_8_2,质量负责人/技术负责人/文件管理员,pending,accepted_for_preview,closed,yes,no,no,TEST-COMPLETE-REFRESH-263,TEST-COMPLETE-TEMPLATE-263,stage2_structured_review_workbench/05-人工复核意见回填模板.csv,yes,yes
STG2-BLOCK-023,GR-11,stage2_structured_review,manual_v5_candidate_8_3,manual_v5_candidate_8_3,质量负责人/技术负责人/文件管理员,pending,accepted_for_preview,closed,yes,no,no,TEST-COMPLETE-REFRESH-264,TEST-COMPLETE-TEMPLATE-264,stage2_structured_review_workbench/05-人工复核意见回填模板.csv,yes,yes
STG2-BLOCK-024,GR-11,stage2_structured_review,manual_v5_candidate_8_4,manual_v5_candidate_8_4,质量负责人/技术负责人/文件管理员,pending,accepted_for_preview,closed,yes,no,no,TEST-COMPLETE-REFRESH-265,TEST-COMPLETE-TEMPLATE-265,stage2_structured_review_workbench/05-人工复核意见回填模板.csv,yes,yes
STG2-BLOCK-025,GR-11,stage2_structured_review,manual_v5_candidate_8_5,manual_v5_candidate_8_5,质量负责人/技术负责人/文件管理员,pending,accepted_for_preview,closed,yes,no,no,TEST-COMPLETE-REFRESH-266,TEST-COMPLETE-TEMPLATE-266,stage2_structured_review_workbench/05-人工复核意见回填模板.csv,yes,yes
STG2-BLOCK-026,GR-11,stage2_structured_review,manual_v5_candidate_8_6,manual_v5_candidate_8_6,质量负责人/技术负责人/文件管理员,pending,accepted_for_preview,closed,yes,no,no,TEST-COMPLETE-REFRESH-267,TEST-COMPLETE-TEMPLATE-267,stage2_structured_review_workbench/05-人工复核意见回填模板.csv,yes,yes
STG2-BLOCK-027,GR-11,stage2_structured_review,manual_v5_candidate_8_7,manual_v5_candidate_8_7,质量负责人/技术负责人/文件管理员,pending,accepted_for_preview,closed,yes,no,no,TEST-COMPLETE-REFRESH-268,TEST-COMPLETE-TEMPLATE-268,stage2_structured_review_workbench/05-人工复核意见回填模板.csv,yes,yes
STG2-BLOCK-028,GR-11,stage2_structured_review,manual_v5_candidate_8_8,manual_v5_candidate_8_8,质量负责人/技术负责人/文件管理员,pending,accepted_for_preview,closed,yes,no,no,TEST-COMPLETE-REFRESH-269,TEST-COMPLETE-TEMPLATE-269,stage2_structured_review_workbench/05-人工复核意见回填模板.csv,yes,yes
STG2-BLOCK-029,GR-11,stage2_structured_review,manual_v5_candidate_8_9,manual_v5_candidate_8_9,质量负责人/技术负责人/文件管理员,pending,accepted_for_preview,closed,yes,no,no,TEST-COMPLETE-REFRESH-270,TEST-COMPLETE-TEMPLATE-270,stage2_structured_review_workbench/05-人工复核意见回填模板.csv,yes,yes
STG2-LINK-001,GR-11,stage2_structured_review,XZTC/CX-07-02-2022,manual_v5_candidate_4_1->procedure_document:XZTC/CX-07-02-2022,质量负责人/技术负责人/文件管理员,pending,accepted_for_preview,closed,yes,no,no,TEST-COMPLETE-REFRESH-271,TEST-COMPLETE-TEMPLATE-271,stage2_structured_review_workbench/05-人工复核意见回填模板.csv,yes,yes
STG2-LINK-002,GR-11,stage2_structured_review,XZTC/CX-07-2022,manual_v5_candidate_4_1->procedure_document:XZTC/CX-07-2022,质量负责人/技术负责人/文件管理员,pending,accepted_for_preview,closed,yes,no,no,TEST-COMPLETE-REFRESH-272,TEST-COMPLETE-TEMPLATE-272,stage2_structured_review_workbench/05-人工复核意见回填模板.csv,yes,yes
STG2-LINK-003,GR-11,stage2_structured_review,XZTC/CX-32-2022,manual_v5_candidate_4_1->procedure_document:XZTC/CX-32-2022,质量负责人/技术负责人/文件管理员,pending,accepted_for_preview,closed,yes,no,no,TEST-COMPLETE-REFRESH-273,TEST-COMPLETE-TEMPLATE-273,stage2_structured_review_workbench/05-人工复核意见回填模板.csv,yes,yes
STG2-LINK-004,GR-11,stage2_structured_review,JL-4.1-01,manual_v5_candidate_4_1->record_form_template:JL-4.1-01,质量负责人/技术负责人/文件管理员,pending,accepted_for_preview,closed,yes,no,no,TEST-COMPLETE-REFRESH-274,TEST-COMPLETE-TEMPLATE-274,stage2_structured_review_workbench/05-人工复核意见回填模板.csv,yes,yes
STG2-LINK-005,GR-11,stage2_structured_review,XZTC/CX-06-2022,manual_v5_candidate_4_2->procedure_document:XZTC/CX-06-2022,质量负责人/技术负责人/文件管理员,pending,accepted_for_preview,closed,yes,no,no,TEST-COMPLETE-REFRESH-275,TEST-COMPLETE-TEMPLATE-275,stage2_structured_review_workbench/05-人工复核意见回填模板.csv,yes,yes
STG2-LINK-006,GR-11,stage2_structured_review,XZTC/CX-08-2022,manual_v5_candidate_4_2->procedure_document:XZTC/CX-08-2022,质量负责人/技术负责人/文件管理员,pending,accepted_for_preview,closed,yes,no,no,TEST-COMPLETE-REFRESH-276,TEST-COMPLETE-TEMPLATE-276,stage2_structured_review_workbench/05-人工复核意见回填模板.csv,yes,yes
STG2-LINK-007,GR-11,stage2_structured_review,XZTC/CX-19-2022,manual_v5_candidate_4_2->procedure_document:XZTC/CX-19-2022,质量负责人/技术负责人/文件管理员,pending,accepted_for_preview,closed,yes,no,no,TEST-COMPLETE-REFRESH-277,TEST-COMPLETE-TEMPLATE-277,stage2_structured_review_workbench/05-人工复核意见回填模板.csv,yes,yes
STG2-LINK-008,GR-11,stage2_structured_review,XZTC/CX-26-2022,manual_v5_candidate_4_2->procedure_document:XZTC/CX-26-2022,质量负责人/技术负责人/文件管理员,pending,accepted_for_preview,closed,yes,no,no,TEST-COMPLETE-REFRESH-278,TEST-COMPLETE-TEMPLATE-278,stage2_structured_review_workbench/05-人工复核意见回填模板.csv,yes,yes
STG2-LINK-009,GR-11,stage2_structured_review,JL-4.2-01,manual_v5_candidate_4_2->record_form_template:JL-4.2-01,质量负责人/技术负责人/文件管理员,pending,accepted_for_preview,closed,yes,no,no,TEST-COMPLETE-REFRESH-279,TEST-COMPLETE-TEMPLATE-279,stage2_structured_review_workbench/05-人工复核意见回填模板.csv,yes,yes
STG2-LINK-010,GR-11,stage2_structured_review,XZTC/CX-01-02-2022,manual_v5_candidate_5->procedure_document:XZTC/CX-01-02-2022,质量负责人/技术负责人/文件管理员,pending,accepted_for_preview,closed,yes,no,no,TEST-COMPLETE-REFRESH-280,TEST-COMPLETE-TEMPLATE-280,stage2_structured_review_workbench/05-人工复核意见回填模板.csv,yes,yes
STG2-LINK-011,GR-11,stage2_structured_review,XZTC/CX-13-2022,manual_v5_candidate_5->procedure_document:XZTC/CX-13-2022,质量负责人/技术负责人/文件管理员,pending,accepted_for_preview,closed,yes,no,no,TEST-COMPLETE-REFRESH-281,TEST-COMPLETE-TEMPLATE-281,stage2_structured_review_workbench/05-人工复核意见回填模板.csv,yes,yes
STG2-LINK-012,GR-11,stage2_structured_review,XZTC/CX-32-2022,manual_v5_candidate_5->procedure_document:XZTC/CX-32-2022,质量负责人/技术负责人/文件管理员,pending,accepted_for_preview,closed,yes,no,no,TEST-COMPLETE-REFRESH-282,TEST-COMPLETE-TEMPLATE-282,stage2_structured_review_workbench/05-人工复核意见回填模板.csv,yes,yes
STG2-LINK-013,GR-11,stage2_structured_review,JL-5-01,manual_v5_candidate_5->record_form_template:JL-5-01,质量负责人/技术负责人/文件管理员,pending,accepted_for_preview,closed,yes,no,no,TEST-COMPLETE-REFRESH-283,TEST-COMPLETE-TEMPLATE-283,stage2_structured_review_workbench/05-人工复核意见回填模板.csv,yes,yes
STG2-LINK-014,GR-11,stage2_structured_review,XZTC/CX-01-02-2022,manual_v5_candidate_6_1->procedure_document:XZTC/CX-01-02-2022,质量负责人/技术负责人/文件管理员,pending,accepted_for_preview,closed,yes,no,no,TEST-COMPLETE-REFRESH-284,TEST-COMPLETE-TEMPLATE-284,stage2_structured_review_workbench/05-人工复核意见回填模板.csv,yes,yes
STG2-LINK-015,GR-11,stage2_structured_review,XZTC/CX-02-2022,manual_v5_candidate_6_1->procedure_document:XZTC/CX-02-2022,质量负责人/技术负责人/文件管理员,pending,accepted_for_preview,closed,yes,no,no,TEST-COMPLETE-REFRESH-285,TEST-COMPLETE-TEMPLATE-285,stage2_structured_review_workbench/05-人工复核意见回填模板.csv,yes,yes
STG2-LINK-016,GR-11,stage2_structured_review,XZTC/CX-03-2022,manual_v5_candidate_6_1->procedure_document:XZTC/CX-03-2022,质量负责人/技术负责人/文件管理员,pending,accepted_for_preview,closed,yes,no,no,TEST-COMPLETE-REFRESH-286,TEST-COMPLETE-TEMPLATE-286,stage2_structured_review_workbench/05-人工复核意见回填模板.csv,yes,yes
STG2-LINK-017,GR-11,stage2_structured_review,XZTC/CX-11-2022,manual_v5_candidate_6_1->procedure_document:XZTC/CX-11-2022,质量负责人/技术负责人/文件管理员,pending,accepted_for_preview,closed,yes,no,no,TEST-COMPLETE-REFRESH-287,TEST-COMPLETE-TEMPLATE-287,stage2_structured_review_workbench/05-人工复核意见回填模板.csv,yes,yes
STG2-LINK-018,GR-11,stage2_structured_review,JL-5-01,manual_v5_candidate_6_1->record_form_template:JL-5-01,质量负责人/技术负责人/文件管理员,pending,accepted_for_preview,closed,yes,no,no,TEST-COMPLETE-REFRESH-288,TEST-COMPLETE-TEMPLATE-288,stage2_structured_review_workbench/05-人工复核意见回填模板.csv,yes,yes
STG2-LINK-019,GR-11,stage2_structured_review,XZTC/CX-01-02-2022,manual_v5_candidate_6_2->procedure_document:XZTC/CX-01-02-2022,质量负责人/技术负责人/文件管理员,pending,accepted_for_preview,closed,yes,no,no,TEST-COMPLETE-REFRESH-289,TEST-COMPLETE-TEMPLATE-289,stage2_structured_review_workbench/05-人工复核意见回填模板.csv,yes,yes
STG2-LINK-020,GR-11,stage2_structured_review,XZTC/CX-01-2022,manual_v5_candidate_6_2->procedure_document:XZTC/CX-01-2022,质量负责人/技术负责人/文件管理员,pending,accepted_for_preview,closed,yes,no,no,TEST-COMPLETE-REFRESH-290,TEST-COMPLETE-TEMPLATE-290,stage2_structured_review_workbench/05-人工复核意见回填模板.csv,yes,yes
STG2-LINK-021,GR-11,stage2_structured_review,XZTC/CX-31-2022,manual_v5_candidate_6_2->procedure_document:XZTC/CX-31-2022,质量负责人/技术负责人/文件管理员,pending,accepted_for_preview,closed,yes,no,no,TEST-COMPLETE-REFRESH-291,TEST-COMPLETE-TEMPLATE-291,stage2_structured_review_workbench/05-人工复核意见回填模板.csv,yes,yes
STG2-LINK-022,GR-11,stage2_structured_review,JL-6.2-01,manual_v5_candidate_6_2->record_form_template:JL-6.2-01,质量负责人/技术负责人/文件管理员,pending,accepted_for_preview,closed,yes,no,no,TEST-COMPLETE-REFRESH-292,TEST-COMPLETE-TEMPLATE-292,stage2_structured_review_workbench/05-人工复核意见回填模板.csv,yes,yes
STG2-LINK-023,GR-11,stage2_structured_review,XZTC/CX-02-2022,manual_v5_candidate_6_3->procedure_document:XZTC/CX-02-2022,质量负责人/技术负责人/文件管理员,pending,accepted_for_preview,closed,yes,no,no,TEST-COMPLETE-REFRESH-293,TEST-COMPLETE-TEMPLATE-293,stage2_structured_review_workbench/05-人工复核意见回填模板.csv,yes,yes
STG2-LINK-024,GR-11,stage2_structured_review,XZTC/CX-31-2022,manual_v5_candidate_6_3->procedure_document:XZTC/CX-31-2022,质量负责人/技术负责人/文件管理员,pending,accepted_for_preview,closed,yes,no,no,TEST-COMPLETE-REFRESH-294,TEST-COMPLETE-TEMPLATE-294,stage2_structured_review_workbench/05-人工复核意见回填模板.csv,yes,yes
STG2-LINK-025,GR-11,stage2_structured_review,XZTC/CX-33-2022,manual_v5_candidate_6_3->procedure_document:XZTC/CX-33-2022,质量负责人/技术负责人/文件管理员,pending,accepted_for_preview,closed,yes,no,no,TEST-COMPLETE-REFRESH-295,TEST-COMPLETE-TEMPLATE-295,stage2_structured_review_workbench/05-人工复核意见回填模板.csv,yes,yes
STG2-LINK-026,GR-11,stage2_structured_review,JL-6.3-01,manual_v5_candidate_6_3->record_form_template:JL-6.3-01,质量负责人/技术负责人/文件管理员,pending,accepted_for_preview,closed,yes,no,no,TEST-COMPLETE-REFRESH-296,TEST-COMPLETE-TEMPLATE-296,stage2_structured_review_workbench/05-人工复核意见回填模板.csv,yes,yes
STG2-LINK-027,GR-11,stage2_structured_review,XZTC/CX-03-02-2022,manual_v5_candidate_6_4->procedure_document:XZTC/CX-03-02-2022,质量负责人/技术负责人/文件管理员,pending,accepted_for_preview,closed,yes,no,no,TEST-COMPLETE-REFRESH-297,TEST-COMPLETE-TEMPLATE-297,stage2_structured_review_workbench/05-人工复核意见回填模板.csv,yes,yes
STG2-LINK-028,GR-11,stage2_structured_review,XZTC/CX-03-2022,manual_v5_candidate_6_4->procedure_document:XZTC/CX-03-2022,质量负责人/技术负责人/文件管理员,pending,accepted_for_preview,closed,yes,no,no,TEST-COMPLETE-REFRESH-298,TEST-COMPLETE-TEMPLATE-298,stage2_structured_review_workbench/05-人工复核意见回填模板.csv,yes,yes
STG2-LINK-029,GR-11,stage2_structured_review,XZTC/CX-04-2022,manual_v5_candidate_6_4->procedure_document:XZTC/CX-04-2022,质量负责人/技术负责人/文件管理员,pending,accepted_for_preview,closed,yes,no,no,TEST-COMPLETE-REFRESH-299,TEST-COMPLETE-TEMPLATE-299,stage2_structured_review_workbench/05-人工复核意见回填模板.csv,yes,yes
STG2-LINK-030,GR-11,stage2_structured_review,XZTC/CX-05-02-2022,manual_v5_candidate_6_4->attachment_form_document:XZTC/CX-05-02-2022,质量负责人/技术负责人/文件管理员,pending,accepted_for_preview,closed,yes,no,no,TEST-COMPLETE-REFRESH-300,TEST-COMPLETE-TEMPLATE-300,stage2_structured_review_workbench/05-人工复核意见回填模板.csv,yes,yes
STG2-LINK-031,GR-11,stage2_structured_review,JL-6.4-01,manual_v5_candidate_6_4->record_form_template:JL-6.4-01,质量负责人/技术负责人/文件管理员,pending,accepted_for_preview,closed,yes,no,no,TEST-COMPLETE-REFRESH-301,TEST-COMPLETE-TEMPLATE-301,stage2_structured_review_workbench/05-人工复核意见回填模板.csv,yes,yes
STG2-LINK-032,GR-11,stage2_structured_review,XZTC/CX-03-02-2022,manual_v5_candidate_6_5->procedure_document:XZTC/CX-03-02-2022,质量负责人/技术负责人/文件管理员,pending,accepted_for_preview,closed,yes,no,no,TEST-COMPLETE-REFRESH-302,TEST-COMPLETE-TEMPLATE-302,stage2_structured_review_workbench/05-人工复核意见回填模板.csv,yes,yes
STG2-LINK-033,GR-11,stage2_structured_review,XZTC/CX-05-2022,manual_v5_candidate_6_5->procedure_document:XZTC/CX-05-2022,质量负责人/技术负责人/文件管理员,pending,accepted_for_preview,closed,yes,no,no,TEST-COMPLETE-REFRESH-303,TEST-COMPLETE-TEMPLATE-303,stage2_structured_review_workbench/05-人工复核意见回填模板.csv,yes,yes
STG2-LINK-034,GR-11,stage2_structured_review,XZTC/CX-05-02-2022,manual_v5_candidate_6_5->attachment_form_document:XZTC/CX-05-02-2022,质量负责人/技术负责人/文件管理员,pending,accepted_for_preview,closed,yes,no,no,TEST-COMPLETE-REFRESH-304,TEST-COMPLETE-TEMPLATE-304,stage2_structured_review_workbench/05-人工复核意见回填模板.csv,yes,yes
STG2-LINK-035,GR-11,stage2_structured_review,JL-6.5-01,manual_v5_candidate_6_5->record_form_template:JL-6.5-01,质量负责人/技术负责人/文件管理员,pending,accepted_for_preview,closed,yes,no,no,TEST-COMPLETE-REFRESH-305,TEST-COMPLETE-TEMPLATE-305,stage2_structured_review_workbench/05-人工复核意见回填模板.csv,yes,yes
STG2-LINK-036,GR-11,stage2_structured_review,XZTC/CX-11-2022,manual_v5_candidate_6_6->procedure_document:XZTC/CX-11-2022,质量负责人/技术负责人/文件管理员,pending,accepted_for_preview,closed,yes,no,no,TEST-COMPLETE-REFRESH-306,TEST-COMPLETE-TEMPLATE-306,stage2_structured_review_workbench/05-人工复核意见回填模板.csv,yes,yes
STG2-LINK-037,GR-11,stage2_structured_review,XZTC/CX-19-2022,manual_v5_candidate_6_6->procedure_document:XZTC/CX-19-2022,质量负责人/技术负责人/文件管理员,pending,accepted_for_preview,closed,yes,no,no,TEST-COMPLETE-REFRESH-307,TEST-COMPLETE-TEMPLATE-307,stage2_structured_review_workbench/05-人工复核意见回填模板.csv,yes,yes
STG2-LINK-038,GR-11,stage2_structured_review,XZTC/CX-32-2022,manual_v5_candidate_6_6->procedure_document:XZTC/CX-32-2022,质量负责人/技术负责人/文件管理员,pending,accepted_for_preview,closed,yes,no,no,TEST-COMPLETE-REFRESH-308,TEST-COMPLETE-TEMPLATE-308,stage2_structured_review_workbench/05-人工复核意见回填模板.csv,yes,yes
STG2-LINK-039,GR-11,stage2_structured_review,JL-6.6-01,manual_v5_candidate_6_6->record_form_template:JL-6.6-01,质量负责人/技术负责人/文件管理员,pending,accepted_for_preview,closed,yes,no,no,TEST-COMPLETE-REFRESH-309,TEST-COMPLETE-TEMPLATE-309,stage2_structured_review_workbench/05-人工复核意见回填模板.csv,yes,yes
STG2-LINK-040,GR-11,stage2_structured_review,XZTC/CX-08-2022,manual_v5_candidate_7_1->procedure_document:XZTC/CX-08-2022,质量负责人/技术负责人/文件管理员,pending,accepted_for_preview,closed,yes,no,no,TEST-COMPLETE-REFRESH-310,TEST-COMPLETE-TEMPLATE-310,stage2_structured_review_workbench/05-人工复核意见回填模板.csv,yes,yes
STG2-LINK-041,GR-11,stage2_structured_review,XZTC/CX-09-2022,manual_v5_candidate_7_1->procedure_document:XZTC/CX-09-2022,质量负责人/技术负责人/文件管理员,pending,accepted_for_preview,closed,yes,no,no,TEST-COMPLETE-REFRESH-311,TEST-COMPLETE-TEMPLATE-311,stage2_structured_review_workbench/05-人工复核意见回填模板.csv,yes,yes
STG2-LINK-042,GR-11,stage2_structured_review,XZTC/CX-12-2022,manual_v5_candidate_7_1->procedure_document:XZTC/CX-12-2022,质量负责人/技术负责人/文件管理员,pending,accepted_for_preview,closed,yes,no,no,TEST-COMPLETE-REFRESH-312,TEST-COMPLETE-TEMPLATE-312,stage2_structured_review_workbench/05-人工复核意见回填模板.csv,yes,yes
STG2-LINK-043,GR-11,stage2_structured_review,JL-7.1-01,manual_v5_candidate_7_1->record_form_template:JL-7.1-01,质量负责人/技术负责人/文件管理员,pending,accepted_for_preview,closed,yes,no,no,TEST-COMPLETE-REFRESH-313,TEST-COMPLETE-TEMPLATE-313,stage2_structured_review_workbench/05-人工复核意见回填模板.csv,yes,yes
STG2-LINK-044,GR-11,stage2_structured_review,XZTC/CX-22-2022,manual_v5_candidate_7_2->procedure_document:XZTC/CX-22-2022,质量负责人/技术负责人/文件管理员,pending,accepted_for_preview,closed,yes,no,no,TEST-COMPLETE-REFRESH-314,TEST-COMPLETE-TEMPLATE-314,stage2_structured_review_workbench/05-人工复核意见回填模板.csv,yes,yes
STG2-LINK-045,GR-11,stage2_structured_review,XZTC/CX-23-2022,manual_v5_candidate_7_2->procedure_document:XZTC/CX-23-2022,质量负责人/技术负责人/文件管理员,pending,accepted_for_preview,closed,yes,no,no,TEST-COMPLETE-REFRESH-315,TEST-COMPLETE-TEMPLATE-315,stage2_structured_review_workbench/05-人工复核意见回填模板.csv,yes,yes
STG2-LINK-046,GR-11,stage2_structured_review,XZTC/CX-24-2022,manual_v5_candidate_7_2->procedure_document:XZTC/CX-24-2022,质量负责人/技术负责人/文件管理员,pending,accepted_for_preview,closed,yes,no,no,TEST-COMPLETE-REFRESH-316,TEST-COMPLETE-TEMPLATE-316,stage2_structured_review_workbench/05-人工复核意见回填模板.csv,yes,yes
STG2-LINK-047,GR-11,stage2_structured_review,XZTC/CX-27-2022,manual_v5_candidate_7_2->procedure_document:XZTC/CX-27-2022,质量负责人/技术负责人/文件管理员,pending,accepted_for_preview,closed,yes,no,no,TEST-COMPLETE-REFRESH-317,TEST-COMPLETE-TEMPLATE-317,stage2_structured_review_workbench/05-人工复核意见回填模板.csv,yes,yes
STG2-LINK-048,GR-11,stage2_structured_review,JL-7.2-01,manual_v5_candidate_7_2->record_form_template:JL-7.2-01,质量负责人/技术负责人/文件管理员,pending,accepted_for_preview,closed,yes,no,no,TEST-COMPLETE-REFRESH-318,TEST-COMPLETE-TEMPLATE-318,stage2_structured_review_workbench/05-人工复核意见回填模板.csv,yes,yes
STG2-LINK-049,GR-11,stage2_structured_review,XZTC/CX-09-2022,manual_v5_candidate_7_3->procedure_document:XZTC/CX-09-2022,质量负责人/技术负责人/文件管理员,pending,accepted_for_preview,closed,yes,no,no,TEST-COMPLETE-REFRESH-319,TEST-COMPLETE-TEMPLATE-319,stage2_structured_review_workbench/05-人工复核意见回填模板.csv,yes,yes
STG2-LINK-050,GR-11,stage2_structured_review,XZTC/CX-28-2022,manual_v5_candidate_7_3->procedure_document:XZTC/CX-28-2022,质量负责人/技术负责人/文件管理员,pending,accepted_for_preview,closed,yes,no,no,TEST-COMPLETE-REFRESH-320,TEST-COMPLETE-TEMPLATE-320,stage2_structured_review_workbench/05-人工复核意见回填模板.csv,yes,yes
STG2-LINK-051,GR-11,stage2_structured_review,XZTC/CX-35-2022,manual_v5_candidate_7_3->procedure_document:XZTC/CX-35-2022,质量负责人/技术负责人/文件管理员,pending,accepted_for_preview,closed,yes,no,no,TEST-COMPLETE-REFRESH-321,TEST-COMPLETE-TEMPLATE-321,stage2_structured_review_workbench/05-人工复核意见回填模板.csv,yes,yes
STG2-LINK-052,GR-11,stage2_structured_review,JL-7.3-01,manual_v5_candidate_7_3->record_form_template:JL-7.3-01,质量负责人/技术负责人/文件管理员,pending,accepted_for_preview,closed,yes,no,no,TEST-COMPLETE-REFRESH-322,TEST-COMPLETE-TEMPLATE-322,stage2_structured_review_workbench/05-人工复核意见回填模板.csv,yes,yes
STG2-LINK-053,GR-11,stage2_structured_review,XZTC/CX-06-2022,manual_v5_candidate_7_4->procedure_document:XZTC/CX-06-2022,质量负责人/技术负责人/文件管理员,pending,accepted_for_preview,closed,yes,no,no,TEST-COMPLETE-REFRESH-323,TEST-COMPLETE-TEMPLATE-323,stage2_structured_review_workbench/05-人工复核意见回填模板.csv,yes,yes
STG2-LINK-054,GR-11,stage2_structured_review,XZTC/CX-25-2022,manual_v5_candidate_7_4->procedure_document:XZTC/CX-25-2022,质量负责人/技术负责人/文件管理员,pending,accepted_for_preview,closed,yes,no,no,TEST-COMPLETE-REFRESH-324,TEST-COMPLETE-TEMPLATE-324,stage2_structured_review_workbench/05-人工复核意见回填模板.csv,yes,yes
STG2-LINK-055,GR-11,stage2_structured_review,XZTC/CX-28-2022,manual_v5_candidate_7_4->procedure_document:XZTC/CX-28-2022,质量负责人/技术负责人/文件管理员,pending,accepted_for_preview,closed,yes,no,no,TEST-COMPLETE-REFRESH-325,TEST-COMPLETE-TEMPLATE-325,stage2_structured_review_workbench/05-人工复核意见回填模板.csv,yes,yes
STG2-LINK-056,GR-11,stage2_structured_review,JL-7.4-01,manual_v5_candidate_7_4->record_form_template:JL-7.4-01,质量负责人/技术负责人/文件管理员,pending,accepted_for_preview,closed,yes,no,no,TEST-COMPLETE-REFRESH-326,TEST-COMPLETE-TEMPLATE-326,stage2_structured_review_workbench/05-人工复核意见回填模板.csv,yes,yes
STG2-LINK-057,GR-11,stage2_structured_review,XZTC/CX-19-2022,manual_v5_candidate_7_5->procedure_document:XZTC/CX-19-2022,质量负责人/技术负责人/文件管理员,pending,accepted_for_preview,closed,yes,no,no,TEST-COMPLETE-REFRESH-327,TEST-COMPLETE-TEMPLATE-327,stage2_structured_review_workbench/05-人工复核意见回填模板.csv,yes,yes
STG2-LINK-058,GR-11,stage2_structured_review,XZTC/CX-25-2022,manual_v5_candidate_7_5->procedure_document:XZTC/CX-25-2022,质量负责人/技术负责人/文件管理员,pending,accepted_for_preview,closed,yes,no,no,TEST-COMPLETE-REFRESH-328,TEST-COMPLETE-TEMPLATE-328,stage2_structured_review_workbench/05-人工复核意见回填模板.csv,yes,yes
STG2-LINK-059,GR-11,stage2_structured_review,XZTC/CX-26-2022,manual_v5_candidate_7_5->procedure_document:XZTC/CX-26-2022,质量负责人/技术负责人/文件管理员,pending,accepted_for_preview,closed,yes,no,no,TEST-COMPLETE-REFRESH-329,TEST-COMPLETE-TEMPLATE-329,stage2_structured_review_workbench/05-人工复核意见回填模板.csv,yes,yes
STG2-LINK-060,GR-11,stage2_structured_review,JL-7.5-01,manual_v5_candidate_7_5->record_form_template:JL-7.5-01,质量负责人/技术负责人/文件管理员,pending,accepted_for_preview,closed,yes,no,no,TEST-COMPLETE-REFRESH-330,TEST-COMPLETE-TEMPLATE-330,stage2_structured_review_workbench/05-人工复核意见回填模板.csv,yes,yes
STG2-LINK-061,GR-11,stage2_structured_review,XZTC/CX-22-2022,manual_v5_candidate_7_6->procedure_document:XZTC/CX-22-2022,质量负责人/技术负责人/文件管理员,pending,accepted_for_preview,closed,yes,no,no,TEST-COMPLETE-REFRESH-331,TEST-COMPLETE-TEMPLATE-331,stage2_structured_review_workbench/05-人工复核意见回填模板.csv,yes,yes
STG2-LINK-062,GR-11,stage2_structured_review,XZTC/CX-27-2022,manual_v5_candidate_7_6->procedure_document:XZTC/CX-27-2022,质量负责人/技术负责人/文件管理员,pending,accepted_for_preview,closed,yes,no,no,TEST-COMPLETE-REFRESH-332,TEST-COMPLETE-TEMPLATE-332,stage2_structured_review_workbench/05-人工复核意见回填模板.csv,yes,yes
STG2-LINK-063,GR-11,stage2_structured_review,XZTC/CX-30-2022,manual_v5_candidate_7_6->procedure_document:XZTC/CX-30-2022,质量负责人/技术负责人/文件管理员,pending,accepted_for_preview,closed,yes,no,no,TEST-COMPLETE-REFRESH-333,TEST-COMPLETE-TEMPLATE-333,stage2_structured_review_workbench/05-人工复核意见回填模板.csv,yes,yes
STG2-LINK-064,GR-11,stage2_structured_review,JL-7.6-01,manual_v5_candidate_7_6->record_form_template:JL-7.6-01,质量负责人/技术负责人/文件管理员,pending,accepted_for_preview,closed,yes,no,no,TEST-COMPLETE-REFRESH-334,TEST-COMPLETE-TEMPLATE-334,stage2_structured_review_workbench/05-人工复核意见回填模板.csv,yes,yes
STG2-LINK-065,GR-11,stage2_structured_review,XZTC/CX-15-2022,manual_v5_candidate_7_7->procedure_document:XZTC/CX-15-2022,质量负责人/技术负责人/文件管理员,pending,accepted_for_preview,closed,yes,no,no,TEST-COMPLETE-REFRESH-335,TEST-COMPLETE-TEMPLATE-335,stage2_structured_review_workbench/05-人工复核意见回填模板.csv,yes,yes
STG2-LINK-066,GR-11,stage2_structured_review,XZTC/CX-16-2022,manual_v5_candidate_7_7->procedure_document:XZTC/CX-16-2022,质量负责人/技术负责人/文件管理员,pending,accepted_for_preview,closed,yes,no,no,TEST-COMPLETE-REFRESH-336,TEST-COMPLETE-TEMPLATE-336,stage2_structured_review_workbench/05-人工复核意见回填模板.csv,yes,yes
STG2-LINK-067,GR-11,stage2_structured_review,XZTC/CX-30-2022,manual_v5_candidate_7_7->procedure_document:XZTC/CX-30-2022,质量负责人/技术负责人/文件管理员,pending,accepted_for_preview,closed,yes,no,no,TEST-COMPLETE-REFRESH-337,TEST-COMPLETE-TEMPLATE-337,stage2_structured_review_workbench/05-人工复核意见回填模板.csv,yes,yes
STG2-LINK-068,GR-11,stage2_structured_review,XZTC/CX-34-2022,manual_v5_candidate_7_7->procedure_document:XZTC/CX-34-2022,质量负责人/技术负责人/文件管理员,pending,accepted_for_preview,closed,yes,no,no,TEST-COMPLETE-REFRESH-338,TEST-COMPLETE-TEMPLATE-338,stage2_structured_review_workbench/05-人工复核意见回填模板.csv,yes,yes
STG2-LINK-069,GR-11,stage2_structured_review,JL-7.7-01,manual_v5_candidate_7_7->record_form_template:JL-7.7-01,质量负责人/技术负责人/文件管理员,pending,accepted_for_preview,closed,yes,no,no,TEST-COMPLETE-REFRESH-339,TEST-COMPLETE-TEMPLATE-339,stage2_structured_review_workbench/05-人工复核意见回填模板.csv,yes,yes
STG2-LINK-070,GR-11,stage2_structured_review,XZTC/CX-06-2022,manual_v5_candidate_7_8->procedure_document:XZTC/CX-06-2022,质量负责人/技术负责人/文件管理员,pending,accepted_for_preview,closed,yes,no,no,TEST-COMPLETE-REFRESH-340,TEST-COMPLETE-TEMPLATE-340,stage2_structured_review_workbench/05-人工复核意见回填模板.csv,yes,yes
STG2-LINK-071,GR-11,stage2_structured_review,XZTC/CX-26-2022,manual_v5_candidate_7_8->procedure_document:XZTC/CX-26-2022,质量负责人/技术负责人/文件管理员,pending,accepted_for_preview,closed,yes,no,no,TEST-COMPLETE-REFRESH-341,TEST-COMPLETE-TEMPLATE-341,stage2_structured_review_workbench/05-人工复核意见回填模板.csv,yes,yes
STG2-LINK-072,GR-11,stage2_structured_review,XZTC/CX-29-2022,manual_v5_candidate_7_8->procedure_document:XZTC/CX-29-2022,质量负责人/技术负责人/文件管理员,pending,accepted_for_preview,closed,yes,no,no,TEST-COMPLETE-REFRESH-342,TEST-COMPLETE-TEMPLATE-342,stage2_structured_review_workbench/05-人工复核意见回填模板.csv,yes,yes
STG2-LINK-073,GR-11,stage2_structured_review,JL-7.8-01,manual_v5_candidate_7_8->record_form_template:JL-7.8-01,质量负责人/技术负责人/文件管理员,pending,accepted_for_preview,closed,yes,no,no,TEST-COMPLETE-REFRESH-343,TEST-COMPLETE-TEMPLATE-343,stage2_structured_review_workbench/05-人工复核意见回填模板.csv,yes,yes
STG2-LINK-074,GR-11,stage2_structured_review,XZTC/CX-14-2022,manual_v5_candidate_7_9->procedure_document:XZTC/CX-14-2022,质量负责人/技术负责人/文件管理员,pending,accepted_for_preview,closed,yes,no,no,TEST-COMPLETE-REFRESH-344,TEST-COMPLETE-TEMPLATE-344,stage2_structured_review_workbench/05-人工复核意见回填模板.csv,yes,yes
STG2-LINK-075,GR-11,stage2_structured_review,XZTC/CX-15-2022,manual_v5_candidate_7_9->procedure_document:XZTC/CX-15-2022,质量负责人/技术负责人/文件管理员,pending,accepted_for_preview,closed,yes,no,no,TEST-COMPLETE-REFRESH-345,TEST-COMPLETE-TEMPLATE-345,stage2_structured_review_workbench/05-人工复核意见回填模板.csv,yes,yes
STG2-LINK-076,GR-11,stage2_structured_review,XZTC/CX-16-2022,manual_v5_candidate_7_9->procedure_document:XZTC/CX-16-2022,质量负责人/技术负责人/文件管理员,pending,accepted_for_preview,closed,yes,no,no,TEST-COMPLETE-REFRESH-346,TEST-COMPLETE-TEMPLATE-346,stage2_structured_review_workbench/05-人工复核意见回填模板.csv,yes,yes
STG2-LINK-077,GR-11,stage2_structured_review,JL-7.9-01,manual_v5_candidate_7_9->record_form_template:JL-7.9-01,质量负责人/技术负责人/文件管理员,pending,accepted_for_preview,closed,yes,no,no,TEST-COMPLETE-REFRESH-347,TEST-COMPLETE-TEMPLATE-347,stage2_structured_review_workbench/05-人工复核意见回填模板.csv,yes,yes
STG2-LINK-078,GR-11,stage2_structured_review,XZTC/CX-15-2022,manual_v5_candidate_7_10->procedure_document:XZTC/CX-15-2022,质量负责人/技术负责人/文件管理员,pending,accepted_for_preview,closed,yes,no,no,TEST-COMPLETE-REFRESH-348,TEST-COMPLETE-TEMPLATE-348,stage2_structured_review_workbench/05-人工复核意见回填模板.csv,yes,yes
STG2-LINK-079,GR-11,stage2_structured_review,XZTC/CX-16-2022,manual_v5_candidate_7_10->procedure_document:XZTC/CX-16-2022,质量负责人/技术负责人/文件管理员,pending,accepted_for_preview,closed,yes,no,no,TEST-COMPLETE-REFRESH-349,TEST-COMPLETE-TEMPLATE-349,stage2_structured_review_workbench/05-人工复核意见回填模板.csv,yes,yes
STG2-LINK-080,GR-11,stage2_structured_review,XZTC/CX-32-2022,manual_v5_candidate_7_10->procedure_document:XZTC/CX-32-2022,质量负责人/技术负责人/文件管理员,pending,accepted_for_preview,closed,yes,no,no,TEST-COMPLETE-REFRESH-350,TEST-COMPLETE-TEMPLATE-350,stage2_structured_review_workbench/05-人工复核意见回填模板.csv,yes,yes
STG2-LINK-081,GR-11,stage2_structured_review,JL-7.10-01,manual_v5_candidate_7_10->record_form_template:JL-7.10-01,质量负责人/技术负责人/文件管理员,pending,accepted_for_preview,closed,yes,no,no,TEST-COMPLETE-REFRESH-351,TEST-COMPLETE-TEMPLATE-351,stage2_structured_review_workbench/05-人工复核意见回填模板.csv,yes,yes
STG2-LINK-082,GR-11,stage2_structured_review,XZTC/CX-08-2022,manual_v5_candidate_7_11->procedure_document:XZTC/CX-08-2022,质量负责人/技术负责人/文件管理员,pending,accepted_for_preview,closed,yes,no,no,TEST-COMPLETE-REFRESH-352,TEST-COMPLETE-TEMPLATE-352,stage2_structured_review_workbench/05-人工复核意见回填模板.csv,yes,yes
STG2-LINK-083,GR-11,stage2_structured_review,XZTC/CX-19-2022,manual_v5_candidate_7_11->procedure_document:XZTC/CX-19-2022,质量负责人/技术负责人/文件管理员,pending,accepted_for_preview,closed,yes,no,no,TEST-COMPLETE-REFRESH-353,TEST-COMPLETE-TEMPLATE-353,stage2_structured_review_workbench/05-人工复核意见回填模板.csv,yes,yes
STG2-LINK-084,GR-11,stage2_structured_review,XZTC/CX-26-2022,manual_v5_candidate_7_11->procedure_document:XZTC/CX-26-2022,质量负责人/技术负责人/文件管理员,pending,accepted_for_preview,closed,yes,no,no,TEST-COMPLETE-REFRESH-354,TEST-COMPLETE-TEMPLATE-354,stage2_structured_review_workbench/05-人工复核意见回填模板.csv,yes,yes
STG2-LINK-085,GR-11,stage2_structured_review,JL-7.11-01,manual_v5_candidate_7_11->record_form_template:JL-7.11-01,质量负责人/技术负责人/文件管理员,pending,accepted_for_preview,closed,yes,no,no,TEST-COMPLETE-REFRESH-355,TEST-COMPLETE-TEMPLATE-355,stage2_structured_review_workbench/05-人工复核意见回填模板.csv,yes,yes
STG2-LINK-086,GR-11,stage2_structured_review,XZTC/CX-08-2022,manual_v5_candidate_8_1->procedure_document:XZTC/CX-08-2022,质量负责人/技术负责人/文件管理员,pending,accepted_for_preview,closed,yes,no,no,TEST-COMPLETE-REFRESH-356,TEST-COMPLETE-TEMPLATE-356,stage2_structured_review_workbench/05-人工复核意见回填模板.csv,yes,yes
STG2-LINK-087,GR-11,stage2_structured_review,XZTC/CX-19-2022,manual_v5_candidate_8_1->procedure_document:XZTC/CX-19-2022,质量负责人/技术负责人/文件管理员,pending,accepted_for_preview,closed,yes,no,no,TEST-COMPLETE-REFRESH-357,TEST-COMPLETE-TEMPLATE-357,stage2_structured_review_workbench/05-人工复核意见回填模板.csv,yes,yes
STG2-LINK-088,GR-11,stage2_structured_review,XZTC/CX-20-2022,manual_v5_candidate_8_1->procedure_document:XZTC/CX-20-2022,质量负责人/技术负责人/文件管理员,pending,accepted_for_preview,closed,yes,no,no,TEST-COMPLETE-REFRESH-358,TEST-COMPLETE-TEMPLATE-358,stage2_structured_review_workbench/05-人工复核意见回填模板.csv,yes,yes
STG2-LINK-089,GR-11,stage2_structured_review,XZTC/CX-21-2022,manual_v5_candidate_8_1->procedure_document:XZTC/CX-21-2022,质量负责人/技术负责人/文件管理员,pending,accepted_for_preview,closed,yes,no,no,TEST-COMPLETE-REFRESH-359,TEST-COMPLETE-TEMPLATE-359,stage2_structured_review_workbench/05-人工复核意见回填模板.csv,yes,yes
STG2-LINK-090,GR-11,stage2_structured_review,JL-8.8-01,manual_v5_candidate_8_1->record_form_template:JL-8.8-01,质量负责人/技术负责人/文件管理员,pending,accepted_for_preview,closed,yes,no,no,TEST-COMPLETE-REFRESH-360,TEST-COMPLETE-TEMPLATE-360,stage2_structured_review_workbench/05-人工复核意见回填模板.csv,yes,yes
STG2-LINK-091,GR-11,stage2_structured_review,JL-8.9-01,manual_v5_candidate_8_1->record_form_template:JL-8.9-01,质量负责人/技术负责人/文件管理员,pending,accepted_for_preview,closed,yes,no,no,TEST-COMPLETE-REFRESH-361,TEST-COMPLETE-TEMPLATE-361,stage2_structured_review_workbench/05-人工复核意见回填模板.csv,yes,yes
STG2-LINK-092,GR-11,stage2_structured_review,XZTC/CX-08-2022,manual_v5_candidate_8_2->procedure_document:XZTC/CX-08-2022,质量负责人/技术负责人/文件管理员,pending,accepted_for_preview,closed,yes,no,no,TEST-COMPLETE-REFRESH-362,TEST-COMPLETE-TEMPLATE-362,stage2_structured_review_workbench/05-人工复核意见回填模板.csv,yes,yes
STG2-LINK-093,GR-11,stage2_structured_review,XZTC/CX-13-2022,manual_v5_candidate_8_2->procedure_document:XZTC/CX-13-2022,质量负责人/技术负责人/文件管理员,pending,accepted_for_preview,closed,yes,no,no,TEST-COMPLETE-REFRESH-363,TEST-COMPLETE-TEMPLATE-363,stage2_structured_review_workbench/05-人工复核意见回填模板.csv,yes,yes
STG2-LINK-094,GR-11,stage2_structured_review,XZTC/CX-19-2022,manual_v5_candidate_8_2->procedure_document:XZTC/CX-19-2022,质量负责人/技术负责人/文件管理员,pending,accepted_for_preview,closed,yes,no,no,TEST-COMPLETE-REFRESH-364,TEST-COMPLETE-TEMPLATE-364,stage2_structured_review_workbench/05-人工复核意见回填模板.csv,yes,yes
STG2-LINK-095,GR-11,stage2_structured_review,JL-8.3-01,manual_v5_candidate_8_2->record_form_template:JL-8.3-01,质量负责人/技术负责人/文件管理员,pending,accepted_for_preview,closed,yes,no,no,TEST-COMPLETE-REFRESH-365,TEST-COMPLETE-TEMPLATE-365,stage2_structured_review_workbench/05-人工复核意见回填模板.csv,yes,yes
STG2-LINK-096,GR-11,stage2_structured_review,XZTC/CX-08-2022,manual_v5_candidate_8_3->procedure_document:XZTC/CX-08-2022,质量负责人/技术负责人/文件管理员,pending,accepted_for_preview,closed,yes,no,no,TEST-COMPLETE-REFRESH-366,TEST-COMPLETE-TEMPLATE-366,stage2_structured_review_workbench/05-人工复核意见回填模板.csv,yes,yes
STG2-LINK-097,GR-11,stage2_structured_review,XZTC/CX-26-2022,manual_v5_candidate_8_3->procedure_document:XZTC/CX-26-2022,质量负责人/技术负责人/文件管理员,pending,accepted_for_preview,closed,yes,no,no,TEST-COMPLETE-REFRESH-367,TEST-COMPLETE-TEMPLATE-367,stage2_structured_review_workbench/05-人工复核意见回填模板.csv,yes,yes
STG2-LINK-098,GR-11,stage2_structured_review,JL-8.3-01,manual_v5_candidate_8_3->record_form_template:JL-8.3-01,质量负责人/技术负责人/文件管理员,pending,accepted_for_preview,closed,yes,no,no,TEST-COMPLETE-REFRESH-368,TEST-COMPLETE-TEMPLATE-368,stage2_structured_review_workbench/05-人工复核意见回填模板.csv,yes,yes
STG2-LINK-099,GR-11,stage2_structured_review,XZTC/CX-06-2022,manual_v5_candidate_8_4->procedure_document:XZTC/CX-06-2022,质量负责人/技术负责人/文件管理员,pending,accepted_for_preview,closed,yes,no,no,TEST-COMPLETE-REFRESH-369,TEST-COMPLETE-TEMPLATE-369,stage2_structured_review_workbench/05-人工复核意见回填模板.csv,yes,yes
STG2-LINK-100,GR-11,stage2_structured_review,XZTC/CX-19-2022,manual_v5_candidate_8_4->procedure_document:XZTC/CX-19-2022,质量负责人/技术负责人/文件管理员,pending,accepted_for_preview,closed,yes,no,no,TEST-COMPLETE-REFRESH-370,TEST-COMPLETE-TEMPLATE-370,stage2_structured_review_workbench/05-人工复核意见回填模板.csv,yes,yes
STG2-LINK-101,GR-11,stage2_structured_review,XZTC/CX-26-2022,manual_v5_candidate_8_4->procedure_document:XZTC/CX-26-2022,质量负责人/技术负责人/文件管理员,pending,accepted_for_preview,closed,yes,no,no,TEST-COMPLETE-REFRESH-371,TEST-COMPLETE-TEMPLATE-371,stage2_structured_review_workbench/05-人工复核意见回填模板.csv,yes,yes
STG2-LINK-102,GR-11,stage2_structured_review,JL-8.4-01,manual_v5_candidate_8_4->record_form_template:JL-8.4-01,质量负责人/技术负责人/文件管理员,pending,accepted_for_preview,closed,yes,no,no,TEST-COMPLETE-REFRESH-372,TEST-COMPLETE-TEMPLATE-372,stage2_structured_review_workbench/05-人工复核意见回填模板.csv,yes,yes
STG2-LINK-103,GR-11,stage2_structured_review,XZTC/CX-17-2022,manual_v5_candidate_8_5->procedure_document:XZTC/CX-17-2022,质量负责人/技术负责人/文件管理员,pending,accepted_for_preview,closed,yes,no,no,TEST-COMPLETE-REFRESH-373,TEST-COMPLETE-TEMPLATE-373,stage2_structured_review_workbench/05-人工复核意见回填模板.csv,yes,yes
STG2-LINK-104,GR-11,stage2_structured_review,XZTC/CX-18-2022,manual_v5_candidate_8_5->procedure_document:XZTC/CX-18-2022,质量负责人/技术负责人/文件管理员,pending,accepted_for_preview,closed,yes,no,no,TEST-COMPLETE-REFRESH-374,TEST-COMPLETE-TEMPLATE-374,stage2_structured_review_workbench/05-人工复核意见回填模板.csv,yes,yes
STG2-LINK-105,GR-11,stage2_structured_review,XZTC/CX-32-2022,manual_v5_candidate_8_5->procedure_document:XZTC/CX-32-2022,质量负责人/技术负责人/文件管理员,pending,accepted_for_preview,closed,yes,no,no,TEST-COMPLETE-REFRESH-375,TEST-COMPLETE-TEMPLATE-375,stage2_structured_review_workbench/05-人工复核意见回填模板.csv,yes,yes
STG2-LINK-106,GR-11,stage2_structured_review,JL-8.5-01,manual_v5_candidate_8_5->record_form_template:JL-8.5-01,质量负责人/技术负责人/文件管理员,pending,accepted_for_preview,closed,yes,no,no,TEST-COMPLETE-REFRESH-376,TEST-COMPLETE-TEMPLATE-376,stage2_structured_review_workbench/05-人工复核意见回填模板.csv,yes,yes
STG2-LINK-107,GR-11,stage2_structured_review,XZTC/CX-12-2022,manual_v5_candidate_8_6->procedure_document:XZTC/CX-12-2022,质量负责人/技术负责人/文件管理员,pending,accepted_for_preview,closed,yes,no,no,TEST-COMPLETE-REFRESH-377,TEST-COMPLETE-TEMPLATE-377,stage2_structured_review_workbench/05-人工复核意见回填模板.csv,yes,yes
STG2-LINK-108,GR-11,stage2_structured_review,XZTC/CX-18-2022,manual_v5_candidate_8_6->procedure_document:XZTC/CX-18-2022,质量负责人/技术负责人/文件管理员,pending,accepted_for_preview,closed,yes,no,no,TEST-COMPLETE-REFRESH-378,TEST-COMPLETE-TEMPLATE-378,stage2_structured_review_workbench/05-人工复核意见回填模板.csv,yes,yes
STG2-LINK-109,GR-11,stage2_structured_review,XZTC/CX-20-2022,manual_v5_candidate_8_6->procedure_document:XZTC/CX-20-2022,质量负责人/技术负责人/文件管理员,pending,accepted_for_preview,closed,yes,no,no,TEST-COMPLETE-REFRESH-379,TEST-COMPLETE-TEMPLATE-379,stage2_structured_review_workbench/05-人工复核意见回填模板.csv,yes,yes
STG2-LINK-110,GR-11,stage2_structured_review,XZTC/CX-21-2022,manual_v5_candidate_8_6->procedure_document:XZTC/CX-21-2022,质量负责人/技术负责人/文件管理员,pending,accepted_for_preview,closed,yes,no,no,TEST-COMPLETE-REFRESH-380,TEST-COMPLETE-TEMPLATE-380,stage2_structured_review_workbench/05-人工复核意见回填模板.csv,yes,yes
STG2-LINK-111,GR-11,stage2_structured_review,JL-8.6-01,manual_v5_candidate_8_6->record_form_template:JL-8.6-01,质量负责人/技术负责人/文件管理员,pending,accepted_for_preview,closed,yes,no,no,TEST-COMPLETE-REFRESH-381,TEST-COMPLETE-TEMPLATE-381,stage2_structured_review_workbench/05-人工复核意见回填模板.csv,yes,yes
STG2-LINK-112,GR-11,stage2_structured_review,XZTC/CX-15-2022,manual_v5_candidate_8_7->procedure_document:XZTC/CX-15-2022,质量负责人/技术负责人/文件管理员,pending,accepted_for_preview,closed,yes,no,no,TEST-COMPLETE-REFRESH-382,TEST-COMPLETE-TEMPLATE-382,stage2_structured_review_workbench/05-人工复核意见回填模板.csv,yes,yes
STG2-LINK-113,GR-11,stage2_structured_review,XZTC/CX-16-2022,manual_v5_candidate_8_7->procedure_document:XZTC/CX-16-2022,质量负责人/技术负责人/文件管理员,pending,accepted_for_preview,closed,yes,no,no,TEST-COMPLETE-REFRESH-383,TEST-COMPLETE-TEMPLATE-383,stage2_structured_review_workbench/05-人工复核意见回填模板.csv,yes,yes
STG2-LINK-114,GR-11,stage2_structured_review,XZTC/CX-20-2022,manual_v5_candidate_8_7->procedure_document:XZTC/CX-20-2022,质量负责人/技术负责人/文件管理员,pending,accepted_for_preview,closed,yes,no,no,TEST-COMPLETE-REFRESH-384,TEST-COMPLETE-TEMPLATE-384,stage2_structured_review_workbench/05-人工复核意见回填模板.csv,yes,yes
STG2-LINK-115,GR-11,stage2_structured_review,JL-8.7-01,manual_v5_candidate_8_7->record_form_template:JL-8.7-01,质量负责人/技术负责人/文件管理员,pending,accepted_for_preview,closed,yes,no,no,TEST-COMPLETE-REFRESH-385,TEST-COMPLETE-TEMPLATE-385,stage2_structured_review_workbench/05-人工复核意见回填模板.csv,yes,yes
STG2-LINK-116,GR-11,stage2_structured_review,XZTC/CX-15-2022,manual_v5_candidate_8_8->procedure_document:XZTC/CX-15-2022,质量负责人/技术负责人/文件管理员,pending,accepted_for_preview,closed,yes,no,no,TEST-COMPLETE-REFRESH-386,TEST-COMPLETE-TEMPLATE-386,stage2_structured_review_workbench/05-人工复核意见回填模板.csv,yes,yes
STG2-LINK-117,GR-11,stage2_structured_review,XZTC/CX-16-2022,manual_v5_candidate_8_8->procedure_document:XZTC/CX-16-2022,质量负责人/技术负责人/文件管理员,pending,accepted_for_preview,closed,yes,no,no,TEST-COMPLETE-REFRESH-387,TEST-COMPLETE-TEMPLATE-387,stage2_structured_review_workbench/05-人工复核意见回填模板.csv,yes,yes
STG2-LINK-118,GR-11,stage2_structured_review,XZTC/CX-19-2022,manual_v5_candidate_8_8->procedure_document:XZTC/CX-19-2022,质量负责人/技术负责人/文件管理员,pending,accepted_for_preview,closed,yes,no,no,TEST-COMPLETE-REFRESH-388,TEST-COMPLETE-TEMPLATE-388,stage2_structured_review_workbench/05-人工复核意见回填模板.csv,yes,yes
STG2-LINK-119,GR-11,stage2_structured_review,XZTC/CX-20-2022,manual_v5_candidate_8_8->procedure_document:XZTC/CX-20-2022,质量负责人/技术负责人/文件管理员,pending,accepted_for_preview,closed,yes,no,no,TEST-COMPLETE-REFRESH-389,TEST-COMPLETE-TEMPLATE-389,stage2_structured_review_workbench/05-人工复核意见回填模板.csv,yes,yes
STG2-LINK-120,GR-11,stage2_structured_review,JL-8.8-01,manual_v5_candidate_8_8->record_form_template:JL-8.8-01,质量负责人/技术负责人/文件管理员,pending,accepted_for_preview,closed,yes,no,no,TEST-COMPLETE-REFRESH-390,TEST-COMPLETE-TEMPLATE-390,stage2_structured_review_workbench/05-人工复核意见回填模板.csv,yes,yes
STG2-LINK-121,GR-11,stage2_structured_review,XZTC/CX-16-2022,manual_v5_candidate_8_9->procedure_document:XZTC/CX-16-2022,质量负责人/技术负责人/文件管理员,pending,accepted_for_preview,closed,yes,no,no,TEST-COMPLETE-REFRESH-391,TEST-COMPLETE-TEMPLATE-391,stage2_structured_review_workbench/05-人工复核意见回填模板.csv,yes,yes
STG2-LINK-122,GR-11,stage2_structured_review,XZTC/CX-19-2022,manual_v5_candidate_8_9->procedure_document:XZTC/CX-19-2022,质量负责人/技术负责人/文件管理员,pending,accepted_for_preview,closed,yes,no,no,TEST-COMPLETE-REFRESH-392,TEST-COMPLETE-TEMPLATE-392,stage2_structured_review_workbench/05-人工复核意见回填模板.csv,yes,yes
STG2-LINK-123,GR-11,stage2_structured_review,XZTC/CX-20-2022,manual_v5_candidate_8_9->procedure_document:XZTC/CX-20-2022,质量负责人/技术负责人/文件管理员,pending,accepted_for_preview,closed,yes,no,no,TEST-COMPLETE-REFRESH-393,TEST-COMPLETE-TEMPLATE-393,stage2_structured_review_workbench/05-人工复核意见回填模板.csv,yes,yes
STG2-LINK-124,GR-11,stage2_structured_review,XZTC/CX-21-2022,manual_v5_candidate_8_9->procedure_document:XZTC/CX-21-2022,质量负责人/技术负责人/文件管理员,pending,accepted_for_preview,closed,yes,no,no,TEST-COMPLETE-REFRESH-394,TEST-COMPLETE-TEMPLATE-394,stage2_structured_review_workbench/05-人工复核意见回填模板.csv,yes,yes
STG2-LINK-125,GR-11,stage2_structured_review,JL-8.9-01,manual_v5_candidate_8_9->record_form_template:JL-8.9-01,质量负责人/技术负责人/文件管理员,pending,accepted_for_preview,closed,yes,no,no,TEST-COMPLETE-REFRESH-395,TEST-COMPLETE-TEMPLATE-395,stage2_structured_review_workbench/05-人工复核意见回填模板.csv,yes,yes
USER-APPLY-AUTHORIZATION,GR-13,user_authorization,apply,正式 LIMS apply 授权,用户/总控,pending,accepted_for_preview,closed,yes,no,no,TEST-COMPLETE-REFRESH-396,TEST-COMPLETE-TEMPLATE-396,.team/任务板.md,yes,yes
