closure_item_id,source_task_id,execution_batch_id,gate_id,task_group,object_code,object_name,owner_role,source_evidence_file,source_closure_file,downstream_preview,downstream_refresh,route_status,blocks_apply,not_imported,not_real_record
GC-0001,CLAUSE-4.1,GCEB-031,GR-02,manual_clause,CLAUSE-4.1,4.1 公正性,最高管理者/质量负责人,governance_closure_workbench/03-证据采集模板.csv,governance_closure_workbench/04-拟关闭回填模板.csv,governance_closure_decision_preview,governance_readiness_refresh_preview,ready,no,yes,yes
GC-0002,CLAUSE-4.2,GCEB-031,GR-02,manual_clause,CLAUSE-4.2,4.2 保密性,最高管理者/质量负责人,governance_closure_workbench/03-证据采集模板.csv,governance_closure_workbench/04-拟关闭回填模板.csv,governance_closure_decision_preview,governance_readiness_refresh_preview,ready,no,yes,yes
GC-0003,CLAUSE-5,GCEB-031,GR-02,manual_clause,CLAUSE-5,5 结构要求,最高管理者/质量负责人,governance_closure_workbench/03-证据采集模板.csv,governance_closure_workbench/04-拟关闭回填模板.csv,governance_closure_decision_preview,governance_readiness_refresh_preview,ready,no,yes,yes
GC-0004,CLAUSE-6.1,GCEB-056,GR-02,manual_clause,CLAUSE-6.1,6.1 资源总则,质量负责人/相关过程负责人,governance_closure_workbench/03-证据采集模板.csv,governance_closure_workbench/04-拟关闭回填模板.csv,governance_closure_decision_preview,governance_readiness_refresh_preview,ready,no,yes,yes
GC-0005,CLAUSE-6.2,GCEB-056,GR-02,manual_clause,CLAUSE-6.2,6.2 人员,质量负责人/相关过程负责人,governance_closure_workbench/03-证据采集模板.csv,governance_closure_workbench/04-拟关闭回填模板.csv,governance_closure_decision_preview,governance_readiness_refresh_preview,ready,no,yes,yes
GC-0006,CLAUSE-6.3,GCEB-056,GR-02,manual_clause,CLAUSE-6.3,6.3 设施环境,质量负责人/相关过程负责人,governance_closure_workbench/03-证据采集模板.csv,governance_closure_workbench/04-拟关闭回填模板.csv,governance_closure_decision_preview,governance_readiness_refresh_preview,ready,no,yes,yes
GC-0007,CLAUSE-6.4,GCEB-045,GR-02,manual_clause,CLAUSE-6.4,6.4 设备,设备管理员/技术负责人/质量负责人,governance_closure_workbench/03-证据采集模板.csv,governance_closure_workbench/04-拟关闭回填模板.csv,governance_closure_decision_preview,governance_readiness_refresh_preview,ready,no,yes,yes
GC-0008,CLAUSE-6.5,GCEB-045,GR-02,manual_clause,CLAUSE-6.5,6.5 计量溯源性,设备管理员/技术负责人/质量负责人,governance_closure_workbench/03-证据采集模板.csv,governance_closure_workbench/04-拟关闭回填模板.csv,governance_closure_decision_preview,governance_readiness_refresh_preview,ready,no,yes,yes
GC-0009,CLAUSE-6.6,GCEB-056,GR-02,manual_clause,CLAUSE-6.6,6.6 外部产品和服务,质量负责人/相关过程负责人,governance_closure_workbench/03-证据采集模板.csv,governance_closure_workbench/04-拟关闭回填模板.csv,governance_closure_decision_preview,governance_readiness_refresh_preview,ready,no,yes,yes
GC-0010,CLAUSE-7.1,GCEB-013,GR-02,manual_clause,CLAUSE-7.1,7.1 合同评审,技术负责人/相关过程负责人/质量负责人,governance_closure_workbench/03-证据采集模板.csv,governance_closure_workbench/04-拟关闭回填模板.csv,governance_closure_decision_preview,governance_readiness_refresh_preview,ready,no,yes,yes
GC-0011,CLAUSE-7.2,GCEB-013,GR-02,manual_clause,CLAUSE-7.2,7.2 方法,技术负责人/相关过程负责人/质量负责人,governance_closure_workbench/03-证据采集模板.csv,governance_closure_workbench/04-拟关闭回填模板.csv,governance_closure_decision_preview,governance_readiness_refresh_preview,ready,no,yes,yes
GC-0012,CLAUSE-7.3,GCEB-013,GR-02,manual_clause,CLAUSE-7.3,7.3 抽样,技术负责人/相关过程负责人/质量负责人,governance_closure_workbench/03-证据采集模板.csv,governance_closure_workbench/04-拟关闭回填模板.csv,governance_closure_decision_preview,governance_readiness_refresh_preview,ready,no,yes,yes
GC-0013,CLAUSE-7.4,GCEB-013,GR-02,manual_clause,CLAUSE-7.4,7.4 样品处置,技术负责人/相关过程负责人/质量负责人,governance_closure_workbench/03-证据采集模板.csv,governance_closure_workbench/04-拟关闭回填模板.csv,governance_closure_decision_preview,governance_readiness_refresh_preview,ready,no,yes,yes
GC-0014,CLAUSE-7.5,GCEB-013,GR-02,manual_clause,CLAUSE-7.5,7.5 技术记录,技术负责人/相关过程负责人/质量负责人,governance_closure_workbench/03-证据采集模板.csv,governance_closure_workbench/04-拟关闭回填模板.csv,governance_closure_decision_preview,governance_readiness_refresh_preview,ready,no,yes,yes
GC-0015,CLAUSE-7.6,GCEB-013,GR-02,manual_clause,CLAUSE-7.6,7.6 测量不确定度,技术负责人/相关过程负责人/质量负责人,governance_closure_workbench/03-证据采集模板.csv,governance_closure_workbench/04-拟关闭回填模板.csv,governance_closure_decision_preview,governance_readiness_refresh_preview,ready,no,yes,yes
GC-0016,CLAUSE-7.7,GCEB-013,GR-02,manual_clause,CLAUSE-7.7,7.7 结果有效性,技术负责人/相关过程负责人/质量负责人,governance_closure_workbench/03-证据采集模板.csv,governance_closure_workbench/04-拟关闭回填模板.csv,governance_closure_decision_preview,governance_readiness_refresh_preview,ready,no,yes,yes
GC-0017,CLAUSE-7.8,GCEB-013,GR-02,manual_clause,CLAUSE-7.8,7.8 报告结果,技术负责人/相关过程负责人/质量负责人,governance_closure_workbench/03-证据采集模板.csv,governance_closure_workbench/04-拟关闭回填模板.csv,governance_closure_decision_preview,governance_readiness_refresh_preview,ready,no,yes,yes
GC-0018,CLAUSE-7.9,GCEB-013,GR-02,manual_clause,CLAUSE-7.9,7.9 投诉,技术负责人/相关过程负责人/质量负责人,governance_closure_workbench/03-证据采集模板.csv,governance_closure_workbench/04-拟关闭回填模板.csv,governance_closure_decision_preview,governance_readiness_refresh_preview,ready,no,yes,yes
GC-0019,CLAUSE-7.10,GCEB-013,GR-02,manual_clause,CLAUSE-7.10,7.10 不符合工作,技术负责人/相关过程负责人/质量负责人,governance_closure_workbench/03-证据采集模板.csv,governance_closure_workbench/04-拟关闭回填模板.csv,governance_closure_decision_preview,governance_readiness_refresh_preview,ready,no,yes,yes
GC-0020,CLAUSE-7.11,GCEB-013,GR-02,manual_clause,CLAUSE-7.11,7.11 数据控制与信息管理,技术负责人/相关过程负责人/质量负责人,governance_closure_workbench/03-证据采集模板.csv,governance_closure_workbench/04-拟关闭回填模板.csv,governance_closure_decision_preview,governance_readiness_refresh_preview,ready,no,yes,yes
GC-0021,CLAUSE-8.1,GCEB-055,GR-02,manual_clause,CLAUSE-8.1,8.1 管理体系方式,质量负责人/文件管理员/最高管理者,governance_closure_workbench/03-证据采集模板.csv,governance_closure_workbench/04-拟关闭回填模板.csv,governance_closure_decision_preview,governance_readiness_refresh_preview,ready,no,yes,yes
GC-0022,CLAUSE-8.2,GCEB-055,GR-02,manual_clause,CLAUSE-8.2,8.2 管理体系文件,质量负责人/文件管理员/最高管理者,governance_closure_workbench/03-证据采集模板.csv,governance_closure_workbench/04-拟关闭回填模板.csv,governance_closure_decision_preview,governance_readiness_refresh_preview,ready,no,yes,yes
GC-0023,CLAUSE-8.3,GCEB-055,GR-02,manual_clause,CLAUSE-8.3,8.3 文件控制,质量负责人/文件管理员/最高管理者,governance_closure_workbench/03-证据采集模板.csv,governance_closure_workbench/04-拟关闭回填模板.csv,governance_closure_decision_preview,governance_readiness_refresh_preview,ready,no,yes,yes
GC-0024,CLAUSE-8.4,GCEB-055,GR-02,manual_clause,CLAUSE-8.4,8.4 记录控制,质量负责人/文件管理员/最高管理者,governance_closure_workbench/03-证据采集模板.csv,governance_closure_workbench/04-拟关闭回填模板.csv,governance_closure_decision_preview,governance_readiness_refresh_preview,ready,no,yes,yes
GC-0025,CLAUSE-8.5,GCEB-055,GR-02,manual_clause,CLAUSE-8.5,8.5 风险和机遇,质量负责人/文件管理员/最高管理者,governance_closure_workbench/03-证据采集模板.csv,governance_closure_workbench/04-拟关闭回填模板.csv,governance_closure_decision_preview,governance_readiness_refresh_preview,ready,no,yes,yes
GC-0026,CLAUSE-8.6,GCEB-055,GR-02,manual_clause,CLAUSE-8.6,8.6 改进,质量负责人/文件管理员/最高管理者,governance_closure_workbench/03-证据采集模板.csv,governance_closure_workbench/04-拟关闭回填模板.csv,governance_closure_decision_preview,governance_readiness_refresh_preview,ready,no,yes,yes
GC-0027,CLAUSE-8.7,GCEB-055,GR-02,manual_clause,CLAUSE-8.7,8.7 纠正措施,质量负责人/文件管理员/最高管理者,governance_closure_workbench/03-证据采集模板.csv,governance_closure_workbench/04-拟关闭回填模板.csv,governance_closure_decision_preview,governance_readiness_refresh_preview,ready,no,yes,yes
GC-0028,CLAUSE-8.8,GCEB-055,GR-02,manual_clause,CLAUSE-8.8,8.8 内部审核,质量负责人/文件管理员/最高管理者,governance_closure_workbench/03-证据采集模板.csv,governance_closure_workbench/04-拟关闭回填模板.csv,governance_closure_decision_preview,governance_readiness_refresh_preview,ready,no,yes,yes
GC-0029,CLAUSE-8.9,GCEB-055,GR-02,manual_clause,CLAUSE-8.9,8.9 管理评审,质量负责人/文件管理员/最高管理者,governance_closure_workbench/03-证据采集模板.csv,governance_closure_workbench/04-拟关闭回填模板.csv,governance_closure_decision_preview,governance_readiness_refresh_preview,ready,no,yes,yes
GC-0030,TEMPLATE-JL-4.1-01,GCEB-022,GR-02,record_template,TEMPLATE-JL-4.1-01,JL-4.1-01 公正性风险识别与处置记录,文件管理员/相关过程负责人/质量负责人,governance_closure_workbench/03-证据采集模板.csv,governance_closure_workbench/04-拟关闭回填模板.csv,governance_closure_decision_preview,governance_readiness_refresh_preview,ready,no,yes,yes
GC-0031,TEMPLATE-JL-4.2-01,GCEB-022,GR-02,record_template,TEMPLATE-JL-4.2-01,JL-4.2-01 保密承诺与权限确认记录,文件管理员/相关过程负责人/质量负责人,governance_closure_workbench/03-证据采集模板.csv,governance_closure_workbench/04-拟关闭回填模板.csv,governance_closure_decision_preview,governance_readiness_refresh_preview,ready,no,yes,yes
GC-0032,TEMPLATE-JL-5-01,GCEB-022,GR-02,record_template,TEMPLATE-JL-5-01,JL-5-01 岗位职责与授权确认表,文件管理员/相关过程负责人/质量负责人,governance_closure_workbench/03-证据采集模板.csv,governance_closure_workbench/04-拟关闭回填模板.csv,governance_closure_decision_preview,governance_readiness_refresh_preview,ready,no,yes,yes
GC-0033,TEMPLATE-JL-6.2-01,GCEB-022,GR-02,record_template,TEMPLATE-JL-6.2-01,JL-6.2-01 人员能力确认与授权记录,文件管理员/相关过程负责人/质量负责人,governance_closure_workbench/03-证据采集模板.csv,governance_closure_workbench/04-拟关闭回填模板.csv,governance_closure_decision_preview,governance_readiness_refresh_preview,ready,no,yes,yes
GC-0034,TEMPLATE-JL-6.3-01,GCEB-022,GR-02,record_template,TEMPLATE-JL-6.3-01,JL-6.3-01 环境条件监控与异常处置记录,文件管理员/相关过程负责人/质量负责人,governance_closure_workbench/03-证据采集模板.csv,governance_closure_workbench/04-拟关闭回填模板.csv,governance_closure_decision_preview,governance_readiness_refresh_preview,ready,no,yes,yes
GC-0035,TEMPLATE-JL-6.4-01,GCEB-022,GR-02,record_template,TEMPLATE-JL-6.4-01,JL-6.4-01 设备状态与期间核查记录,文件管理员/相关过程负责人/质量负责人,governance_closure_workbench/03-证据采集模板.csv,governance_closure_workbench/04-拟关闭回填模板.csv,governance_closure_decision_preview,governance_readiness_refresh_preview,ready,no,yes,yes
GC-0036,TEMPLATE-JL-6.5-01,GCEB-022,GR-02,record_template,TEMPLATE-JL-6.5-01,JL-6.5-01 计量溯源结果确认记录,文件管理员/相关过程负责人/质量负责人,governance_closure_workbench/03-证据采集模板.csv,governance_closure_workbench/04-拟关闭回填模板.csv,governance_closure_decision_preview,governance_readiness_refresh_preview,ready,no,yes,yes
GC-0037,TEMPLATE-JL-6.6-01,GCEB-022,GR-02,record_template,TEMPLATE-JL-6.6-01,JL-6.6-01 外部服务与供应品评价记录,文件管理员/相关过程负责人/质量负责人,governance_closure_workbench/03-证据采集模板.csv,governance_closure_workbench/04-拟关闭回填模板.csv,governance_closure_decision_preview,governance_readiness_refresh_preview,ready,no,yes,yes
GC-0038,TEMPLATE-JL-7.1-01,GCEB-022,GR-02,record_template,TEMPLATE-JL-7.1-01,JL-7.1-01 合同评审记录,文件管理员/相关过程负责人/质量负责人,governance_closure_workbench/03-证据采集模板.csv,governance_closure_workbench/04-拟关闭回填模板.csv,governance_closure_decision_preview,governance_readiness_refresh_preview,ready,no,yes,yes
GC-0039,TEMPLATE-JL-7.2-01,GCEB-022,GR-02,record_template,TEMPLATE-JL-7.2-01,JL-7.2-01 方法验证/确认记录,文件管理员/相关过程负责人/质量负责人,governance_closure_workbench/03-证据采集模板.csv,governance_closure_workbench/04-拟关闭回填模板.csv,governance_closure_decision_preview,governance_readiness_refresh_preview,ready,no,yes,yes
GC-0040,TEMPLATE-JL-7.3-01,GCEB-022,GR-02,record_template,TEMPLATE-JL-7.3-01,JL-7.3-01 抽样条件启用评审记录,文件管理员/相关过程负责人/质量负责人,governance_closure_workbench/03-证据采集模板.csv,governance_closure_workbench/04-拟关闭回填模板.csv,governance_closure_decision_preview,governance_readiness_refresh_preview,ready,no,yes,yes
GC-0041,TEMPLATE-JL-7.4-01,GCEB-022,GR-02,record_template,TEMPLATE-JL-7.4-01,JL-7.4-01 样品接收与异常处置记录,文件管理员/相关过程负责人/质量负责人,governance_closure_workbench/03-证据采集模板.csv,governance_closure_workbench/04-拟关闭回填模板.csv,governance_closure_decision_preview,governance_readiness_refresh_preview,ready,no,yes,yes
GC-0042,TEMPLATE-JL-7.5-01,GCEB-022,GR-02,record_template,TEMPLATE-JL-7.5-01,JL-7.5-01 技术记录更正记录,文件管理员/相关过程负责人/质量负责人,governance_closure_workbench/03-证据采集模板.csv,governance_closure_workbench/04-拟关闭回填模板.csv,governance_closure_decision_preview,governance_readiness_refresh_preview,ready,no,yes,yes
GC-0043,TEMPLATE-JL-7.6-01,GCEB-022,GR-02,record_template,TEMPLATE-JL-7.6-01,JL-7.6-01 测量不确定度适用性评审记录,文件管理员/相关过程负责人/质量负责人,governance_closure_workbench/03-证据采集模板.csv,governance_closure_workbench/04-拟关闭回填模板.csv,governance_closure_decision_preview,governance_readiness_refresh_preview,ready,no,yes,yes
GC-0044,TEMPLATE-JL-7.7-01,GCEB-022,GR-02,record_template,TEMPLATE-JL-7.7-01,JL-7.7-01 结果有效性监控计划与评价记录,文件管理员/相关过程负责人/质量负责人,governance_closure_workbench/03-证据采集模板.csv,governance_closure_workbench/04-拟关闭回填模板.csv,governance_closure_decision_preview,governance_readiness_refresh_preview,ready,no,yes,yes
GC-0045,TEMPLATE-JL-7.8-01,GCEB-022,GR-02,record_template,TEMPLATE-JL-7.8-01,JL-7.8-01 报告复核与授权签发记录,文件管理员/相关过程负责人/质量负责人,governance_closure_workbench/03-证据采集模板.csv,governance_closure_workbench/04-拟关闭回填模板.csv,governance_closure_decision_preview,governance_readiness_refresh_preview,ready,no,yes,yes
GC-0046,TEMPLATE-JL-7.9-01,GCEB-022,GR-02,record_template,TEMPLATE-JL-7.9-01,JL-7.9-01 投诉处理记录,文件管理员/相关过程负责人/质量负责人,governance_closure_workbench/03-证据采集模板.csv,governance_closure_workbench/04-拟关闭回填模板.csv,governance_closure_decision_preview,governance_readiness_refresh_preview,ready,no,yes,yes
GC-0047,TEMPLATE-JL-7.10-01,GCEB-022,GR-02,record_template,TEMPLATE-JL-7.10-01,JL-7.10-01 不符合工作影响评价与恢复授权记录,文件管理员/相关过程负责人/质量负责人,governance_closure_workbench/03-证据采集模板.csv,governance_closure_workbench/04-拟关闭回填模板.csv,governance_closure_decision_preview,governance_readiness_refresh_preview,ready,no,yes,yes
GC-0048,TEMPLATE-JL-7.11-01,GCEB-022,GR-02,record_template,TEMPLATE-JL-7.11-01,JL-7.11-01 电子表格/软件适用性确认记录,文件管理员/相关过程负责人/质量负责人,governance_closure_workbench/03-证据采集模板.csv,governance_closure_workbench/04-拟关闭回填模板.csv,governance_closure_decision_preview,governance_readiness_refresh_preview,ready,no,yes,yes
GC-0049,TEMPLATE-JL-8.3-01,GCEB-022,GR-02,record_template,TEMPLATE-JL-8.3-01,JL-8.3-01 文件修订评审与发布记录,文件管理员/相关过程负责人/质量负责人,governance_closure_workbench/03-证据采集模板.csv,governance_closure_workbench/04-拟关闭回填模板.csv,governance_closure_decision_preview,governance_readiness_refresh_preview,ready,no,yes,yes
GC-0050,TEMPLATE-JL-8.4-01,GCEB-022,GR-02,record_template,TEMPLATE-JL-8.4-01,JL-8.4-01 记录归档与借阅记录,文件管理员/相关过程负责人/质量负责人,governance_closure_workbench/03-证据采集模板.csv,governance_closure_workbench/04-拟关闭回填模板.csv,governance_closure_decision_preview,governance_readiness_refresh_preview,ready,no,yes,yes
GC-0051,TEMPLATE-JL-8.5-01,GCEB-022,GR-02,record_template,TEMPLATE-JL-8.5-01,JL-8.5-01 风险和机遇措施跟踪记录,文件管理员/相关过程负责人/质量负责人,governance_closure_workbench/03-证据采集模板.csv,governance_closure_workbench/04-拟关闭回填模板.csv,governance_closure_decision_preview,governance_readiness_refresh_preview,ready,no,yes,yes
GC-0052,TEMPLATE-JL-8.6-01,GCEB-022,GR-02,record_template,TEMPLATE-JL-8.6-01,JL-8.6-01 改进建议与效果评价记录,文件管理员/相关过程负责人/质量负责人,governance_closure_workbench/03-证据采集模板.csv,governance_closure_workbench/04-拟关闭回填模板.csv,governance_closure_decision_preview,governance_readiness_refresh_preview,ready,no,yes,yes
GC-0053,TEMPLATE-JL-8.7-01,GCEB-022,GR-02,record_template,TEMPLATE-JL-8.7-01,JL-8.7-01 纠正措施记录,文件管理员/相关过程负责人/质量负责人,governance_closure_workbench/03-证据采集模板.csv,governance_closure_workbench/04-拟关闭回填模板.csv,governance_closure_decision_preview,governance_readiness_refresh_preview,ready,no,yes,yes
GC-0054,TEMPLATE-JL-8.8-01,GCEB-022,GR-02,record_template,TEMPLATE-JL-8.8-01,JL-8.8-01 内审计划、检查表与整改验证记录,文件管理员/相关过程负责人/质量负责人,governance_closure_workbench/03-证据采集模板.csv,governance_closure_workbench/04-拟关闭回填模板.csv,governance_closure_decision_preview,governance_readiness_refresh_preview,ready,no,yes,yes
GC-0055,TEMPLATE-JL-8.9-01,GCEB-022,GR-02,record_template,TEMPLATE-JL-8.9-01,JL-8.9-01 管理评审输入输出及跟踪记录,文件管理员/相关过程负责人/质量负责人,governance_closure_workbench/03-证据采集模板.csv,governance_closure_workbench/04-拟关闭回填模板.csv,governance_closure_decision_preview,governance_readiness_refresh_preview,ready,no,yes,yes
GC-0056,ATTACHMENT-XZTC/CX-05-02-2022,GCEB-024,GR-02,attachment_form_disposition,ATTACHMENT-XZTC/CX-05-02-2022,XZTC/CX-05-02-2022 仪器设备计量溯源结果确认表,文件管理员/设备管理员/技术负责人/质量负责人,governance_closure_workbench/03-证据采集模板.csv,governance_closure_workbench/04-拟关闭回填模板.csv,governance_closure_decision_preview,governance_readiness_refresh_preview,ready,no,yes,yes
GC-0057,GATE-01,GCEB-001,GR-02,preapply_gate,GATE-01,候选修订包门禁,Codex dry-run/文件管理员复核,governance_closure_workbench/03-证据采集模板.csv,governance_closure_workbench/04-拟关闭回填模板.csv,governance_closure_decision_preview,governance_readiness_refresh_preview,ready,no,yes,yes
GC-0058,GATE-02,GCEB-001,GR-02,preapply_gate,GATE-02,LIMS 预导入包结构 dry-run,Codex dry-run/文件管理员复核,governance_closure_workbench/03-证据采集模板.csv,governance_closure_workbench/04-拟关闭回填模板.csv,governance_closure_decision_preview,governance_readiness_refresh_preview,ready,no,yes,yes
GC-0059,GATE-03,GCEB-001,GR-02,preapply_gate,GATE-03,记录模板模拟试填,Codex dry-run/文件管理员复核,governance_closure_workbench/03-证据采集模板.csv,governance_closure_workbench/04-拟关闭回填模板.csv,governance_closure_decision_preview,governance_readiness_refresh_preview,ready,no,yes,yes
GC-0060,GATE-04,GCEB-001,GR-02,preapply_gate,GATE-04,记录模板全量模拟试填,Codex dry-run/文件管理员复核,governance_closure_workbench/03-证据采集模板.csv,governance_closure_workbench/04-拟关闭回填模板.csv,governance_closure_decision_preview,governance_readiness_refresh_preview,ready,no,yes,yes
GC-0061,GATE-05,GCEB-001,GR-02,preapply_gate,GATE-05,LIMS 命令层 dry-run,Codex dry-run/文件管理员复核,governance_closure_workbench/03-证据采集模板.csv,governance_closure_workbench/04-拟关闭回填模板.csv,governance_closure_decision_preview,governance_readiness_refresh_preview,ready,no,yes,yes
GC-0062,GATE-06,GCEB-001,GR-02,preapply_gate,GATE-06,未确认 apply 阻断,Codex dry-run/文件管理员复核,governance_closure_workbench/03-证据采集模板.csv,governance_closure_workbench/04-拟关闭回填模板.csv,governance_closure_decision_preview,governance_readiness_refresh_preview,ready,no,yes,yes
GC-0063,GATE-07,GCEB-029,GR-02,preapply_gate,GATE-07,候选手册人工评审,文件管理员/质量负责人/最高管理者,governance_closure_workbench/03-证据采集模板.csv,governance_closure_workbench/04-拟关闭回填模板.csv,governance_closure_decision_preview,governance_readiness_refresh_preview,ready,no,yes,yes
GC-0064,GATE-08,GCEB-021,GR-02,preapply_gate,GATE-08,26 个记录模板字段评审,文件管理员/相关过程负责人/质量负责人,governance_closure_workbench/03-证据采集模板.csv,governance_closure_workbench/04-拟关闭回填模板.csv,governance_closure_decision_preview,governance_readiness_refresh_preview,ready,no,yes,yes
GC-0065,GATE-09,GCEB-023,GR-02,preapply_gate,GATE-09,05-02 编号附件/表单归属,文件管理员/设备管理员/技术负责人,governance_closure_workbench/03-证据采集模板.csv,governance_closure_workbench/04-拟关闭回填模板.csv,governance_closure_decision_preview,governance_readiness_refresh_preview,ready,no,yes,yes
GC-0066,GATE-10,GCEB-025,GR-02,preapply_gate,GATE-10,外来依据台账人工查新,文件管理员/质量负责人,governance_closure_workbench/03-证据采集模板.csv,governance_closure_workbench/04-拟关闭回填模板.csv,governance_closure_decision_preview,governance_readiness_refresh_preview,ready,no,yes,yes
GC-0067,GATE-11,GCEB-037,GR-02,preapply_gate,GATE-11,用户明确授权 apply,用户/最高管理者授权角色,governance_closure_workbench/03-证据采集模板.csv,governance_closure_workbench/04-拟关闭回填模板.csv,governance_closure_decision_preview,governance_readiness_refresh_preview,ready,no,yes,yes
GC-0068,FIELD-JL-4.1-01,GCEB-048,GR-03,record_template_field_confirmation,JL-4.1-01,公正性风险识别与处置记录,质量负责人,governance_closure_workbench/03-证据采集模板.csv,governance_closure_workbench/04-拟关闭回填模板.csv,governance_closure_decision_preview,governance_readiness_refresh_preview,ready,no,yes,yes
GC-0069,FIELD-JL-4.2-01,GCEB-026,GR-03,record_template_field_confirmation,JL-4.2-01,保密承诺与权限确认记录,文件管理员/质量负责人,governance_closure_workbench/03-证据采集模板.csv,governance_closure_workbench/04-拟关闭回填模板.csv,governance_closure_decision_preview,governance_readiness_refresh_preview,ready,no,yes,yes
GC-0070,FIELD-JL-5-01,GCEB-030,GR-03,record_template_field_confirmation,JL-5-01,岗位职责与授权确认表,最高管理者/技术负责人,governance_closure_workbench/03-证据采集模板.csv,governance_closure_workbench/04-拟关闭回填模板.csv,governance_closure_decision_preview,governance_readiness_refresh_preview,ready,no,yes,yes
GC-0071,FIELD-JL-6.2-01,GCEB-010,GR-03,record_template_field_confirmation,JL-6.2-01,人员能力确认与授权记录,技术负责人,governance_closure_workbench/03-证据采集模板.csv,governance_closure_workbench/04-拟关闭回填模板.csv,governance_closure_decision_preview,governance_readiness_refresh_preview,ready,no,yes,yes
GC-0072,FIELD-JL-6.3-01,GCEB-035,GR-03,record_template_field_confirmation,JL-6.3-01,环境条件监控与异常处置记录,检测人员/监督员,governance_closure_workbench/03-证据采集模板.csv,governance_closure_workbench/04-拟关闭回填模板.csv,governance_closure_decision_preview,governance_readiness_refresh_preview,ready,no,yes,yes
GC-0073,FIELD-JL-6.4-01,GCEB-043,GR-03,record_template_field_confirmation,JL-6.4-01,设备状态与期间核查记录,设备管理员,governance_closure_workbench/03-证据采集模板.csv,governance_closure_workbench/04-拟关闭回填模板.csv,governance_closure_decision_preview,governance_readiness_refresh_preview,ready,no,yes,yes
GC-0074,FIELD-JL-6.5-01,GCEB-044,GR-03,record_template_field_confirmation,JL-6.5-01,计量溯源结果确认记录,设备管理员/技术负责人,governance_closure_workbench/03-证据采集模板.csv,governance_closure_workbench/04-拟关闭回填模板.csv,governance_closure_decision_preview,governance_readiness_refresh_preview,ready,no,yes,yes
GC-0075,FIELD-JL-6.6-01,GCEB-060,GR-03,record_template_field_confirmation,JL-6.6-01,外部服务与供应品评价记录,采购/质量负责人,governance_closure_workbench/03-证据采集模板.csv,governance_closure_workbench/04-拟关闭回填模板.csv,governance_closure_decision_preview,governance_readiness_refresh_preview,ready,no,yes,yes
GC-0076,FIELD-JL-7.1-01,GCEB-002,GR-03,record_template_field_confirmation,JL-7.1-01,合同评审记录,业务受理/技术负责人,governance_closure_workbench/03-证据采集模板.csv,governance_closure_workbench/04-拟关闭回填模板.csv,governance_closure_decision_preview,governance_readiness_refresh_preview,ready,no,yes,yes
GC-0077,FIELD-JL-7.2-01,GCEB-010,GR-03,record_template_field_confirmation,JL-7.2-01,方法验证/确认记录,技术负责人,governance_closure_workbench/03-证据采集模板.csv,governance_closure_workbench/04-拟关闭回填模板.csv,governance_closure_decision_preview,governance_readiness_refresh_preview,ready,no,yes,yes
GC-0078,FIELD-JL-7.3-01,GCEB-011,GR-03,record_template_field_confirmation,JL-7.3-01,抽样条件启用评审记录,技术负责人/业务受理,governance_closure_workbench/03-证据采集模板.csv,governance_closure_workbench/04-拟关闭回填模板.csv,governance_closure_decision_preview,governance_readiness_refresh_preview,ready,no,yes,yes
GC-0079,FIELD-JL-7.4-01,GCEB-034,GR-03,record_template_field_confirmation,JL-7.4-01,样品接收与异常处置记录,样品管理员,governance_closure_workbench/03-证据采集模板.csv,governance_closure_workbench/04-拟关闭回填模板.csv,governance_closure_decision_preview,governance_readiness_refresh_preview,ready,no,yes,yes
GC-0080,FIELD-JL-7.5-01,GCEB-005,GR-03,record_template_field_confirmation,JL-7.5-01,技术记录更正记录,原记录人员/复核人员,governance_closure_workbench/03-证据采集模板.csv,governance_closure_workbench/04-拟关闭回填模板.csv,governance_closure_decision_preview,governance_readiness_refresh_preview,ready,no,yes,yes
GC-0081,FIELD-JL-7.6-01,GCEB-010,GR-03,record_template_field_confirmation,JL-7.6-01,测量不确定度适用性评审记录,技术负责人,governance_closure_workbench/03-证据采集模板.csv,governance_closure_workbench/04-拟关闭回填模板.csv,governance_closure_decision_preview,governance_readiness_refresh_preview,ready,no,yes,yes
GC-0082,FIELD-JL-7.7-01,GCEB-014,GR-03,record_template_field_confirmation,JL-7.7-01,结果有效性监控计划与评价记录,技术负责人/质量负责人,governance_closure_workbench/03-证据采集模板.csv,governance_closure_workbench/04-拟关闭回填模板.csv,governance_closure_decision_preview,governance_readiness_refresh_preview,ready,no,yes,yes
GC-0083,FIELD-JL-7.8-01,GCEB-006,GR-03,record_template_field_confirmation,JL-7.8-01,报告复核与授权签发记录,复核人/授权签字人,governance_closure_workbench/03-证据采集模板.csv,governance_closure_workbench/04-拟关闭回填模板.csv,governance_closure_decision_preview,governance_readiness_refresh_preview,ready,no,yes,yes
GC-0084,FIELD-JL-7.9-01,GCEB-048,GR-03,record_template_field_confirmation,JL-7.9-01,投诉处理记录,质量负责人,governance_closure_workbench/03-证据采集模板.csv,governance_closure_workbench/04-拟关闭回填模板.csv,governance_closure_decision_preview,governance_readiness_refresh_preview,ready,no,yes,yes
GC-0085,FIELD-JL-7.10-01,GCEB-051,GR-03,record_template_field_confirmation,JL-7.10-01,不符合工作影响评价与恢复授权记录,质量负责人/技术负责人,governance_closure_workbench/03-证据采集模板.csv,governance_closure_workbench/04-拟关闭回填模板.csv,governance_closure_decision_preview,governance_readiness_refresh_preview,ready,no,yes,yes
GC-0086,FIELD-JL-7.11-01,GCEB-012,GR-03,record_template_field_confirmation,JL-7.11-01,电子表格/软件适用性确认记录,技术负责人/文件管理员,governance_closure_workbench/03-证据采集模板.csv,governance_closure_workbench/04-拟关闭回填模板.csv,governance_closure_decision_preview,governance_readiness_refresh_preview,ready,no,yes,yes
GC-0087,FIELD-JL-8.3-01,GCEB-026,GR-03,record_template_field_confirmation,JL-8.3-01,文件修订评审与发布记录,文件管理员/质量负责人,governance_closure_workbench/03-证据采集模板.csv,governance_closure_workbench/04-拟关闭回填模板.csv,governance_closure_decision_preview,governance_readiness_refresh_preview,ready,no,yes,yes
GC-0088,FIELD-JL-8.4-01,GCEB-016,GR-03,record_template_field_confirmation,JL-8.4-01,记录归档与借阅记录,文件管理员,governance_closure_workbench/03-证据采集模板.csv,governance_closure_workbench/04-拟关闭回填模板.csv,governance_closure_decision_preview,governance_readiness_refresh_preview,ready,no,yes,yes
GC-0089,FIELD-JL-8.5-01,GCEB-048,GR-03,record_template_field_confirmation,JL-8.5-01,风险和机遇措施跟踪记录,质量负责人,governance_closure_workbench/03-证据采集模板.csv,governance_closure_workbench/04-拟关闭回填模板.csv,governance_closure_decision_preview,governance_readiness_refresh_preview,ready,no,yes,yes
GC-0090,FIELD-JL-8.6-01,GCEB-059,GR-03,record_template_field_confirmation,JL-8.6-01,改进建议与效果评价记录,过程负责人,governance_closure_workbench/03-证据采集模板.csv,governance_closure_workbench/04-拟关闭回填模板.csv,governance_closure_decision_preview,governance_readiness_refresh_preview,ready,no,yes,yes
GC-0091,FIELD-JL-8.7-01,GCEB-047,GR-03,record_template_field_confirmation,JL-8.7-01,纠正措施记录,责任部门/质量负责人,governance_closure_workbench/03-证据采集模板.csv,governance_closure_workbench/04-拟关闭回填模板.csv,governance_closure_decision_preview,governance_readiness_refresh_preview,ready,no,yes,yes
GC-0092,FIELD-JL-8.8-01,GCEB-004,GR-03,record_template_field_confirmation,JL-8.8-01,内审计划、检查表与整改验证记录,内审组长,governance_closure_workbench/03-证据采集模板.csv,governance_closure_workbench/04-拟关闭回填模板.csv,governance_closure_decision_preview,governance_readiness_refresh_preview,ready,no,yes,yes
GC-0093,FIELD-JL-8.9-01,GCEB-032,GR-03,record_template_field_confirmation,JL-8.9-01,管理评审输入输出及跟踪记录,最高管理者/质量负责人,governance_closure_workbench/03-证据采集模板.csv,governance_closure_workbench/04-拟关闭回填模板.csv,governance_closure_decision_preview,governance_readiness_refresh_preview,ready,no,yes,yes
GC-0094,MRD-01,GCEB-033,GR-04,manual_revision_decision,MRD-01,第五版候选手册是否可进入修订/换版流程,最高管理者/质量负责人,governance_closure_workbench/03-证据采集模板.csv,governance_closure_workbench/04-拟关闭回填模板.csv,governance_closure_decision_preview,governance_readiness_refresh_preview,ready,no,yes,yes
GC-0095,MRD-02,GCEB-027,GR-04,manual_revision_decision,MRD-02,版本标识与生效日期策略,文件管理员/质量负责人,governance_closure_workbench/03-证据采集模板.csv,governance_closure_workbench/04-拟关闭回填模板.csv,governance_closure_decision_preview,governance_readiness_refresh_preview,ready,no,yes,yes
GC-0096,MRD-03,GCEB-017,GR-04,manual_revision_decision,MRD-03,第四版作废回收和留存策略,文件管理员,governance_closure_workbench/03-证据采集模板.csv,governance_closure_workbench/04-拟关闭回填模板.csv,governance_closure_decision_preview,governance_readiness_refresh_preview,ready,no,yes,yes
GC-0097,MRD-04,GCEB-041,GR-04,manual_revision_decision,MRD-04,LIMS 修订入口和结构化同步动作,系统管理员/文件管理员,governance_closure_workbench/03-证据采集模板.csv,governance_closure_workbench/04-拟关闭回填模板.csv,governance_closure_decision_preview,governance_readiness_refresh_preview,ready,no,yes,yes
GC-0098,MRD-05,GCEB-053,GR-04,manual_revision_decision,MRD-05,受控发布、培训宣贯和实施有效性检查,质量负责人/文件管理员,governance_closure_workbench/03-证据采集模板.csv,governance_closure_workbench/04-拟关闭回填模板.csv,governance_closure_decision_preview,governance_readiness_refresh_preview,ready,no,yes,yes
GC-0099,APP-001,GCEB-020,GR-05,controlled_release_approval,XZTC/SC,质量手册（第五版候选稿）,文件管理员/技术负责人/质量负责人/最高管理者或授权批准人,governance_closure_workbench/03-证据采集模板.csv,governance_closure_workbench/04-拟关闭回填模板.csv,governance_closure_decision_preview,governance_readiness_refresh_preview,ready,no,yes,yes
GC-0100,APP-039,GCEB-020,GR-05,controlled_release_approval,XZTC/CX-05-02-2022,仪器设备计量溯源结果确认表,文件管理员/技术负责人/质量负责人/最高管理者或授权批准人,governance_closure_workbench/03-证据采集模板.csv,governance_closure_workbench/04-拟关闭回填模板.csv,governance_closure_decision_preview,governance_readiness_refresh_preview,ready,no,yes,yes
GC-0101,APP-040,GCEB-020,GR-05,controlled_release_approval,JL-4.1-01,公正性风险识别与处置记录,文件管理员/技术负责人/质量负责人/最高管理者或授权批准人,governance_closure_workbench/03-证据采集模板.csv,governance_closure_workbench/04-拟关闭回填模板.csv,governance_closure_decision_preview,governance_readiness_refresh_preview,ready,no,yes,yes
GC-0102,APP-041,GCEB-020,GR-05,controlled_release_approval,JL-4.2-01,保密承诺与权限确认记录,文件管理员/技术负责人/质量负责人/最高管理者或授权批准人,governance_closure_workbench/03-证据采集模板.csv,governance_closure_workbench/04-拟关闭回填模板.csv,governance_closure_decision_preview,governance_readiness_refresh_preview,ready,no,yes,yes
GC-0103,APP-042,GCEB-020,GR-05,controlled_release_approval,JL-5-01,岗位职责与授权确认表,文件管理员/技术负责人/质量负责人/最高管理者或授权批准人,governance_closure_workbench/03-证据采集模板.csv,governance_closure_workbench/04-拟关闭回填模板.csv,governance_closure_decision_preview,governance_readiness_refresh_preview,ready,no,yes,yes
GC-0104,APP-043,GCEB-020,GR-05,controlled_release_approval,JL-6.2-01,人员能力确认与授权记录,文件管理员/技术负责人/质量负责人/最高管理者或授权批准人,governance_closure_workbench/03-证据采集模板.csv,governance_closure_workbench/04-拟关闭回填模板.csv,governance_closure_decision_preview,governance_readiness_refresh_preview,ready,no,yes,yes
GC-0105,APP-044,GCEB-020,GR-05,controlled_release_approval,JL-6.3-01,环境条件监控与异常处置记录,文件管理员/技术负责人/质量负责人/最高管理者或授权批准人,governance_closure_workbench/03-证据采集模板.csv,governance_closure_workbench/04-拟关闭回填模板.csv,governance_closure_decision_preview,governance_readiness_refresh_preview,ready,no,yes,yes
GC-0106,APP-045,GCEB-020,GR-05,controlled_release_approval,JL-6.4-01,设备状态与期间核查记录,文件管理员/技术负责人/质量负责人/最高管理者或授权批准人,governance_closure_workbench/03-证据采集模板.csv,governance_closure_workbench/04-拟关闭回填模板.csv,governance_closure_decision_preview,governance_readiness_refresh_preview,ready,no,yes,yes
GC-0107,APP-046,GCEB-020,GR-05,controlled_release_approval,JL-6.5-01,计量溯源结果确认记录,文件管理员/技术负责人/质量负责人/最高管理者或授权批准人,governance_closure_workbench/03-证据采集模板.csv,governance_closure_workbench/04-拟关闭回填模板.csv,governance_closure_decision_preview,governance_readiness_refresh_preview,ready,no,yes,yes
GC-0108,APP-047,GCEB-020,GR-05,controlled_release_approval,JL-6.6-01,外部服务与供应品评价记录,文件管理员/技术负责人/质量负责人/最高管理者或授权批准人,governance_closure_workbench/03-证据采集模板.csv,governance_closure_workbench/04-拟关闭回填模板.csv,governance_closure_decision_preview,governance_readiness_refresh_preview,ready,no,yes,yes
GC-0109,APP-048,GCEB-020,GR-05,controlled_release_approval,JL-7.1-01,合同评审记录,文件管理员/技术负责人/质量负责人/最高管理者或授权批准人,governance_closure_workbench/03-证据采集模板.csv,governance_closure_workbench/04-拟关闭回填模板.csv,governance_closure_decision_preview,governance_readiness_refresh_preview,ready,no,yes,yes
GC-0110,APP-049,GCEB-020,GR-05,controlled_release_approval,JL-7.2-01,方法验证/确认记录,文件管理员/技术负责人/质量负责人/最高管理者或授权批准人,governance_closure_workbench/03-证据采集模板.csv,governance_closure_workbench/04-拟关闭回填模板.csv,governance_closure_decision_preview,governance_readiness_refresh_preview,ready,no,yes,yes
GC-0111,APP-050,GCEB-020,GR-05,controlled_release_approval,JL-7.3-01,抽样条件启用评审记录,文件管理员/技术负责人/质量负责人/最高管理者或授权批准人,governance_closure_workbench/03-证据采集模板.csv,governance_closure_workbench/04-拟关闭回填模板.csv,governance_closure_decision_preview,governance_readiness_refresh_preview,ready,no,yes,yes
GC-0112,APP-051,GCEB-020,GR-05,controlled_release_approval,JL-7.4-01,样品接收与异常处置记录,文件管理员/技术负责人/质量负责人/最高管理者或授权批准人,governance_closure_workbench/03-证据采集模板.csv,governance_closure_workbench/04-拟关闭回填模板.csv,governance_closure_decision_preview,governance_readiness_refresh_preview,ready,no,yes,yes
GC-0113,APP-052,GCEB-020,GR-05,controlled_release_approval,JL-7.5-01,技术记录更正记录,文件管理员/技术负责人/质量负责人/最高管理者或授权批准人,governance_closure_workbench/03-证据采集模板.csv,governance_closure_workbench/04-拟关闭回填模板.csv,governance_closure_decision_preview,governance_readiness_refresh_preview,ready,no,yes,yes
GC-0114,APP-053,GCEB-020,GR-05,controlled_release_approval,JL-7.6-01,测量不确定度适用性评审记录,文件管理员/技术负责人/质量负责人/最高管理者或授权批准人,governance_closure_workbench/03-证据采集模板.csv,governance_closure_workbench/04-拟关闭回填模板.csv,governance_closure_decision_preview,governance_readiness_refresh_preview,ready,no,yes,yes
GC-0115,APP-054,GCEB-020,GR-05,controlled_release_approval,JL-7.7-01,结果有效性监控计划与评价记录,文件管理员/技术负责人/质量负责人/最高管理者或授权批准人,governance_closure_workbench/03-证据采集模板.csv,governance_closure_workbench/04-拟关闭回填模板.csv,governance_closure_decision_preview,governance_readiness_refresh_preview,ready,no,yes,yes
GC-0116,APP-055,GCEB-020,GR-05,controlled_release_approval,JL-7.8-01,报告复核与授权签发记录,文件管理员/技术负责人/质量负责人/最高管理者或授权批准人,governance_closure_workbench/03-证据采集模板.csv,governance_closure_workbench/04-拟关闭回填模板.csv,governance_closure_decision_preview,governance_readiness_refresh_preview,ready,no,yes,yes
GC-0117,APP-056,GCEB-020,GR-05,controlled_release_approval,JL-7.9-01,投诉处理记录,文件管理员/技术负责人/质量负责人/最高管理者或授权批准人,governance_closure_workbench/03-证据采集模板.csv,governance_closure_workbench/04-拟关闭回填模板.csv,governance_closure_decision_preview,governance_readiness_refresh_preview,ready,no,yes,yes
GC-0118,APP-057,GCEB-020,GR-05,controlled_release_approval,JL-7.10-01,不符合工作影响评价与恢复授权记录,文件管理员/技术负责人/质量负责人/最高管理者或授权批准人,governance_closure_workbench/03-证据采集模板.csv,governance_closure_workbench/04-拟关闭回填模板.csv,governance_closure_decision_preview,governance_readiness_refresh_preview,ready,no,yes,yes
GC-0119,APP-058,GCEB-020,GR-05,controlled_release_approval,JL-7.11-01,电子表格/软件适用性确认记录,文件管理员/技术负责人/质量负责人/最高管理者或授权批准人,governance_closure_workbench/03-证据采集模板.csv,governance_closure_workbench/04-拟关闭回填模板.csv,governance_closure_decision_preview,governance_readiness_refresh_preview,ready,no,yes,yes
GC-0120,APP-059,GCEB-020,GR-05,controlled_release_approval,JL-8.3-01,文件修订评审与发布记录,文件管理员/技术负责人/质量负责人/最高管理者或授权批准人,governance_closure_workbench/03-证据采集模板.csv,governance_closure_workbench/04-拟关闭回填模板.csv,governance_closure_decision_preview,governance_readiness_refresh_preview,ready,no,yes,yes
GC-0121,APP-060,GCEB-020,GR-05,controlled_release_approval,JL-8.4-01,记录归档与借阅记录,文件管理员/技术负责人/质量负责人/最高管理者或授权批准人,governance_closure_workbench/03-证据采集模板.csv,governance_closure_workbench/04-拟关闭回填模板.csv,governance_closure_decision_preview,governance_readiness_refresh_preview,ready,no,yes,yes
GC-0122,APP-061,GCEB-020,GR-05,controlled_release_approval,JL-8.5-01,风险和机遇措施跟踪记录,文件管理员/技术负责人/质量负责人/最高管理者或授权批准人,governance_closure_workbench/03-证据采集模板.csv,governance_closure_workbench/04-拟关闭回填模板.csv,governance_closure_decision_preview,governance_readiness_refresh_preview,ready,no,yes,yes
GC-0123,APP-062,GCEB-020,GR-05,controlled_release_approval,JL-8.6-01,改进建议与效果评价记录,文件管理员/技术负责人/质量负责人/最高管理者或授权批准人,governance_closure_workbench/03-证据采集模板.csv,governance_closure_workbench/04-拟关闭回填模板.csv,governance_closure_decision_preview,governance_readiness_refresh_preview,ready,no,yes,yes
GC-0124,APP-063,GCEB-020,GR-05,controlled_release_approval,JL-8.7-01,纠正措施记录,文件管理员/技术负责人/质量负责人/最高管理者或授权批准人,governance_closure_workbench/03-证据采集模板.csv,governance_closure_workbench/04-拟关闭回填模板.csv,governance_closure_decision_preview,governance_readiness_refresh_preview,ready,no,yes,yes
GC-0125,APP-064,GCEB-020,GR-05,controlled_release_approval,JL-8.8-01,内审计划、检查表与整改验证记录,文件管理员/技术负责人/质量负责人/最高管理者或授权批准人,governance_closure_workbench/03-证据采集模板.csv,governance_closure_workbench/04-拟关闭回填模板.csv,governance_closure_decision_preview,governance_readiness_refresh_preview,ready,no,yes,yes
GC-0126,APP-065,GCEB-020,GR-05,controlled_release_approval,JL-8.9-01,管理评审输入输出及跟踪记录,文件管理员/技术负责人/质量负责人/最高管理者或授权批准人,governance_closure_workbench/03-证据采集模板.csv,governance_closure_workbench/04-拟关闭回填模板.csv,governance_closure_decision_preview,governance_readiness_refresh_preview,ready,no,yes,yes
GC-0127,REL-TPL-JL-REL-01,GCEB-028,GR-06,release_execution_template_review,JL-REL-01,体系文件审批签核记录,文件管理员/质量负责人,governance_closure_workbench/03-证据采集模板.csv,governance_closure_workbench/04-拟关闭回填模板.csv,governance_closure_decision_preview,governance_readiness_refresh_preview,ready,no,yes,yes
GC-0128,REL-TPL-JL-REL-02,GCEB-018,GR-06,release_execution_template_review,JL-REL-02,文件发布发放与现行状态确认记录,文件管理员,governance_closure_workbench/03-证据采集模板.csv,governance_closure_workbench/04-拟关闭回填模板.csv,governance_closure_decision_preview,governance_readiness_refresh_preview,ready,no,yes,yes
GC-0129,REL-TPL-JL-REL-03,GCEB-054,GR-06,release_execution_template_review,JL-REL-03,体系文件培训宣贯与理解确认记录,质量负责人/文件管理员/培训责任人,governance_closure_workbench/03-证据采集模板.csv,governance_closure_workbench/04-拟关闭回填模板.csv,governance_closure_decision_preview,governance_readiness_refresh_preview,ready,no,yes,yes
GC-0130,REL-TPL-JL-REL-04,GCEB-018,GR-06,release_execution_template_review,JL-REL-04,旧版文件回收作废与留存记录,文件管理员,governance_closure_workbench/03-证据采集模板.csv,governance_closure_workbench/04-拟关闭回填模板.csv,governance_closure_decision_preview,governance_readiness_refresh_preview,ready,no,yes,yes
GC-0131,REL-TPL-JL-REL-05,GCEB-050,GR-06,release_execution_template_review,JL-REL-05,实施有效性检查与问题跟踪记录,质量负责人/内审员/过程负责人,governance_closure_workbench/03-证据采集模板.csv,governance_closure_workbench/04-拟关闭回填模板.csv,governance_closure_decision_preview,governance_readiness_refresh_preview,ready,no,yes,yes
GC-0132,REL-TPL-JL-REL-06,GCEB-057,GR-06,release_execution_template_review,JL-REL-06,jewelry-qms试运行与适用性确认记录,质量负责人/系统管理员/文件管理员,governance_closure_workbench/03-证据采集模板.csv,governance_closure_workbench/04-拟关闭回填模板.csv,governance_closure_decision_preview,governance_readiness_refresh_preview,ready,no,yes,yes
GC-0133,TRN-001-R01,GCEB-003,GR-07,staff_learning_task,TRN-001,第五版质量手册主要变化宣贯,全体影响检测活动人员,governance_closure_workbench/03-证据采集模板.csv,governance_closure_workbench/04-拟关闭回填模板.csv,governance_closure_decision_preview,governance_readiness_refresh_preview,ready,no,yes,yes
GC-0134,TRN-001-R02,GCEB-039,GR-07,staff_learning_task,TRN-001,第五版质量手册主要变化宣贯,管理层,governance_closure_workbench/03-证据采集模板.csv,governance_closure_workbench/04-拟关闭回填模板.csv,governance_closure_decision_preview,governance_readiness_refresh_preview,ready,no,yes,yes
GC-0135,TRN-001-R03,GCEB-015,GR-07,staff_learning_task,TRN-001,第五版质量手册主要变化宣贯,授权签字人,governance_closure_workbench/03-证据采集模板.csv,governance_closure_workbench/04-拟关闭回填模板.csv,governance_closure_decision_preview,governance_readiness_refresh_preview,ready,no,yes,yes
GC-0136,TRN-002-R01,GCEB-019,GR-07,staff_learning_task,TRN-002,LIMS 2022 程序目录现行状态确认,文件管理员,governance_closure_workbench/03-证据采集模板.csv,governance_closure_workbench/04-拟关闭回填模板.csv,governance_closure_decision_preview,governance_readiness_refresh_preview,ready,no,yes,yes
GC-0137,TRN-002-R02,GCEB-049,GR-07,staff_learning_task,TRN-002,LIMS 2022 程序目录现行状态确认,质量负责人,governance_closure_workbench/03-证据采集模板.csv,governance_closure_workbench/04-拟关闭回填模板.csv,governance_closure_decision_preview,governance_readiness_refresh_preview,ready,no,yes,yes
GC-0138,TRN-002-R03,GCEB-038,GR-07,staff_learning_task,TRN-002,LIMS 2022 程序目录现行状态确认,相关过程负责人,governance_closure_workbench/03-证据采集模板.csv,governance_closure_workbench/04-拟关闭回填模板.csv,governance_closure_decision_preview,governance_readiness_refresh_preview,ready,no,yes,yes
GC-0139,TRN-003-R01,GCEB-019,GR-07,staff_learning_task,TRN-003,jewelry-qms 建设中系统使用边界,文件管理员,governance_closure_workbench/03-证据采集模板.csv,governance_closure_workbench/04-拟关闭回填模板.csv,governance_closure_decision_preview,governance_readiness_refresh_preview,ready,no,yes,yes
GC-0140,TRN-003-R02,GCEB-049,GR-07,staff_learning_task,TRN-003,jewelry-qms 建设中系统使用边界,质量负责人,governance_closure_workbench/03-证据采集模板.csv,governance_closure_workbench/04-拟关闭回填模板.csv,governance_closure_decision_preview,governance_readiness_refresh_preview,ready,no,yes,yes
GC-0141,TRN-003-R03,GCEB-040,GR-07,staff_learning_task,TRN-003,jewelry-qms 建设中系统使用边界,系统管理员,governance_closure_workbench/03-证据采集模板.csv,governance_closure_workbench/04-拟关闭回填模板.csv,governance_closure_decision_preview,governance_readiness_refresh_preview,ready,no,yes,yes
GC-0142,TRN-003-R04,GCEB-046,GR-07,staff_learning_task,TRN-003,jewelry-qms 建设中系统使用边界,试运行人员,governance_closure_workbench/03-证据采集模板.csv,governance_closure_workbench/04-拟关闭回填模板.csv,governance_closure_decision_preview,governance_readiness_refresh_preview,ready,no,yes,yes
GC-0143,TRN-004-R01,GCEB-008,GR-07,staff_learning_task,TRN-004,候选记录模板填写与更正规则,对应过程填写人员,governance_closure_workbench/03-证据采集模板.csv,governance_closure_workbench/04-拟关闭回填模板.csv,governance_closure_decision_preview,governance_readiness_refresh_preview,ready,no,yes,yes
GC-0144,TRN-004-R02,GCEB-007,GR-07,staff_learning_task,TRN-004,候选记录模板填写与更正规则,复核人员,governance_closure_workbench/03-证据采集模板.csv,governance_closure_workbench/04-拟关闭回填模板.csv,governance_closure_decision_preview,governance_readiness_refresh_preview,ready,no,yes,yes
GC-0145,TRN-004-R03,GCEB-019,GR-07,staff_learning_task,TRN-004,候选记录模板填写与更正规则,文件管理员,governance_closure_workbench/03-证据采集模板.csv,governance_closure_workbench/04-拟关闭回填模板.csv,governance_closure_decision_preview,governance_readiness_refresh_preview,ready,no,yes,yes
GC-0146,TRN-005-R01,GCEB-008,GR-07,staff_learning_task,TRN-005,候选记录模板填写与更正规则,对应过程填写人员,governance_closure_workbench/03-证据采集模板.csv,governance_closure_workbench/04-拟关闭回填模板.csv,governance_closure_decision_preview,governance_readiness_refresh_preview,ready,no,yes,yes
GC-0147,TRN-005-R02,GCEB-007,GR-07,staff_learning_task,TRN-005,候选记录模板填写与更正规则,复核人员,governance_closure_workbench/03-证据采集模板.csv,governance_closure_workbench/04-拟关闭回填模板.csv,governance_closure_decision_preview,governance_readiness_refresh_preview,ready,no,yes,yes
GC-0148,TRN-005-R03,GCEB-019,GR-07,staff_learning_task,TRN-005,候选记录模板填写与更正规则,文件管理员,governance_closure_workbench/03-证据采集模板.csv,governance_closure_workbench/04-拟关闭回填模板.csv,governance_closure_decision_preview,governance_readiness_refresh_preview,ready,no,yes,yes
GC-0149,TRN-006-R01,GCEB-008,GR-07,staff_learning_task,TRN-006,候选记录模板填写与更正规则,对应过程填写人员,governance_closure_workbench/03-证据采集模板.csv,governance_closure_workbench/04-拟关闭回填模板.csv,governance_closure_decision_preview,governance_readiness_refresh_preview,ready,no,yes,yes
GC-0150,TRN-006-R02,GCEB-007,GR-07,staff_learning_task,TRN-006,候选记录模板填写与更正规则,复核人员,governance_closure_workbench/03-证据采集模板.csv,governance_closure_workbench/04-拟关闭回填模板.csv,governance_closure_decision_preview,governance_readiness_refresh_preview,ready,no,yes,yes
GC-0151,TRN-006-R03,GCEB-019,GR-07,staff_learning_task,TRN-006,候选记录模板填写与更正规则,文件管理员,governance_closure_workbench/03-证据采集模板.csv,governance_closure_workbench/04-拟关闭回填模板.csv,governance_closure_decision_preview,governance_readiness_refresh_preview,ready,no,yes,yes
GC-0152,TRN-007-R01,GCEB-008,GR-07,staff_learning_task,TRN-007,候选记录模板填写与更正规则,对应过程填写人员,governance_closure_workbench/03-证据采集模板.csv,governance_closure_workbench/04-拟关闭回填模板.csv,governance_closure_decision_preview,governance_readiness_refresh_preview,ready,no,yes,yes
GC-0153,TRN-007-R02,GCEB-007,GR-07,staff_learning_task,TRN-007,候选记录模板填写与更正规则,复核人员,governance_closure_workbench/03-证据采集模板.csv,governance_closure_workbench/04-拟关闭回填模板.csv,governance_closure_decision_preview,governance_readiness_refresh_preview,ready,no,yes,yes
GC-0154,TRN-007-R03,GCEB-019,GR-07,staff_learning_task,TRN-007,候选记录模板填写与更正规则,文件管理员,governance_closure_workbench/03-证据采集模板.csv,governance_closure_workbench/04-拟关闭回填模板.csv,governance_closure_decision_preview,governance_readiness_refresh_preview,ready,no,yes,yes
GC-0155,TRN-008-R01,GCEB-008,GR-07,staff_learning_task,TRN-008,候选记录模板填写与更正规则,对应过程填写人员,governance_closure_workbench/03-证据采集模板.csv,governance_closure_workbench/04-拟关闭回填模板.csv,governance_closure_decision_preview,governance_readiness_refresh_preview,ready,no,yes,yes
GC-0156,TRN-008-R02,GCEB-007,GR-07,staff_learning_task,TRN-008,候选记录模板填写与更正规则,复核人员,governance_closure_workbench/03-证据采集模板.csv,governance_closure_workbench/04-拟关闭回填模板.csv,governance_closure_decision_preview,governance_readiness_refresh_preview,ready,no,yes,yes
GC-0157,TRN-008-R03,GCEB-019,GR-07,staff_learning_task,TRN-008,候选记录模板填写与更正规则,文件管理员,governance_closure_workbench/03-证据采集模板.csv,governance_closure_workbench/04-拟关闭回填模板.csv,governance_closure_decision_preview,governance_readiness_refresh_preview,ready,no,yes,yes
GC-0158,TRN-009-R01,GCEB-008,GR-07,staff_learning_task,TRN-009,候选记录模板填写与更正规则,对应过程填写人员,governance_closure_workbench/03-证据采集模板.csv,governance_closure_workbench/04-拟关闭回填模板.csv,governance_closure_decision_preview,governance_readiness_refresh_preview,ready,no,yes,yes
GC-0159,TRN-009-R02,GCEB-007,GR-07,staff_learning_task,TRN-009,候选记录模板填写与更正规则,复核人员,governance_closure_workbench/03-证据采集模板.csv,governance_closure_workbench/04-拟关闭回填模板.csv,governance_closure_decision_preview,governance_readiness_refresh_preview,ready,no,yes,yes
GC-0160,TRN-009-R03,GCEB-019,GR-07,staff_learning_task,TRN-009,候选记录模板填写与更正规则,文件管理员,governance_closure_workbench/03-证据采集模板.csv,governance_closure_workbench/04-拟关闭回填模板.csv,governance_closure_decision_preview,governance_readiness_refresh_preview,ready,no,yes,yes
GC-0161,TRN-010-R01,GCEB-008,GR-07,staff_learning_task,TRN-010,候选记录模板填写与更正规则,对应过程填写人员,governance_closure_workbench/03-证据采集模板.csv,governance_closure_workbench/04-拟关闭回填模板.csv,governance_closure_decision_preview,governance_readiness_refresh_preview,ready,no,yes,yes
GC-0162,TRN-010-R02,GCEB-007,GR-07,staff_learning_task,TRN-010,候选记录模板填写与更正规则,复核人员,governance_closure_workbench/03-证据采集模板.csv,governance_closure_workbench/04-拟关闭回填模板.csv,governance_closure_decision_preview,governance_readiness_refresh_preview,ready,no,yes,yes
GC-0163,TRN-010-R03,GCEB-019,GR-07,staff_learning_task,TRN-010,候选记录模板填写与更正规则,文件管理员,governance_closure_workbench/03-证据采集模板.csv,governance_closure_workbench/04-拟关闭回填模板.csv,governance_closure_decision_preview,governance_readiness_refresh_preview,ready,no,yes,yes
GC-0164,TRN-011-R01,GCEB-008,GR-07,staff_learning_task,TRN-011,候选记录模板填写与更正规则,对应过程填写人员,governance_closure_workbench/03-证据采集模板.csv,governance_closure_workbench/04-拟关闭回填模板.csv,governance_closure_decision_preview,governance_readiness_refresh_preview,ready,no,yes,yes
GC-0165,TRN-011-R02,GCEB-007,GR-07,staff_learning_task,TRN-011,候选记录模板填写与更正规则,复核人员,governance_closure_workbench/03-证据采集模板.csv,governance_closure_workbench/04-拟关闭回填模板.csv,governance_closure_decision_preview,governance_readiness_refresh_preview,ready,no,yes,yes
GC-0166,TRN-011-R03,GCEB-019,GR-07,staff_learning_task,TRN-011,候选记录模板填写与更正规则,文件管理员,governance_closure_workbench/03-证据采集模板.csv,governance_closure_workbench/04-拟关闭回填模板.csv,governance_closure_decision_preview,governance_readiness_refresh_preview,ready,no,yes,yes
GC-0167,TRN-012-R01,GCEB-008,GR-07,staff_learning_task,TRN-012,候选记录模板填写与更正规则,对应过程填写人员,governance_closure_workbench/03-证据采集模板.csv,governance_closure_workbench/04-拟关闭回填模板.csv,governance_closure_decision_preview,governance_readiness_refresh_preview,ready,no,yes,yes
GC-0168,TRN-012-R02,GCEB-007,GR-07,staff_learning_task,TRN-012,候选记录模板填写与更正规则,复核人员,governance_closure_workbench/03-证据采集模板.csv,governance_closure_workbench/04-拟关闭回填模板.csv,governance_closure_decision_preview,governance_readiness_refresh_preview,ready,no,yes,yes
GC-0169,TRN-012-R03,GCEB-019,GR-07,staff_learning_task,TRN-012,候选记录模板填写与更正规则,文件管理员,governance_closure_workbench/03-证据采集模板.csv,governance_closure_workbench/04-拟关闭回填模板.csv,governance_closure_decision_preview,governance_readiness_refresh_preview,ready,no,yes,yes
GC-0170,TRN-013-R01,GCEB-008,GR-07,staff_learning_task,TRN-013,候选记录模板填写与更正规则,对应过程填写人员,governance_closure_workbench/03-证据采集模板.csv,governance_closure_workbench/04-拟关闭回填模板.csv,governance_closure_decision_preview,governance_readiness_refresh_preview,ready,no,yes,yes
GC-0171,TRN-013-R02,GCEB-007,GR-07,staff_learning_task,TRN-013,候选记录模板填写与更正规则,复核人员,governance_closure_workbench/03-证据采集模板.csv,governance_closure_workbench/04-拟关闭回填模板.csv,governance_closure_decision_preview,governance_readiness_refresh_preview,ready,no,yes,yes
GC-0172,TRN-013-R03,GCEB-019,GR-07,staff_learning_task,TRN-013,候选记录模板填写与更正规则,文件管理员,governance_closure_workbench/03-证据采集模板.csv,governance_closure_workbench/04-拟关闭回填模板.csv,governance_closure_decision_preview,governance_readiness_refresh_preview,ready,no,yes,yes
GC-0173,TRN-014-R01,GCEB-008,GR-07,staff_learning_task,TRN-014,候选记录模板填写与更正规则,对应过程填写人员,governance_closure_workbench/03-证据采集模板.csv,governance_closure_workbench/04-拟关闭回填模板.csv,governance_closure_decision_preview,governance_readiness_refresh_preview,ready,no,yes,yes
GC-0174,TRN-014-R02,GCEB-007,GR-07,staff_learning_task,TRN-014,候选记录模板填写与更正规则,复核人员,governance_closure_workbench/03-证据采集模板.csv,governance_closure_workbench/04-拟关闭回填模板.csv,governance_closure_decision_preview,governance_readiness_refresh_preview,ready,no,yes,yes
GC-0175,TRN-014-R03,GCEB-019,GR-07,staff_learning_task,TRN-014,候选记录模板填写与更正规则,文件管理员,governance_closure_workbench/03-证据采集模板.csv,governance_closure_workbench/04-拟关闭回填模板.csv,governance_closure_decision_preview,governance_readiness_refresh_preview,ready,no,yes,yes
GC-0176,TRN-015-R01,GCEB-008,GR-07,staff_learning_task,TRN-015,候选记录模板填写与更正规则,对应过程填写人员,governance_closure_workbench/03-证据采集模板.csv,governance_closure_workbench/04-拟关闭回填模板.csv,governance_closure_decision_preview,governance_readiness_refresh_preview,ready,no,yes,yes
GC-0177,TRN-015-R02,GCEB-007,GR-07,staff_learning_task,TRN-015,候选记录模板填写与更正规则,复核人员,governance_closure_workbench/03-证据采集模板.csv,governance_closure_workbench/04-拟关闭回填模板.csv,governance_closure_decision_preview,governance_readiness_refresh_preview,ready,no,yes,yes
GC-0178,TRN-015-R03,GCEB-019,GR-07,staff_learning_task,TRN-015,候选记录模板填写与更正规则,文件管理员,governance_closure_workbench/03-证据采集模板.csv,governance_closure_workbench/04-拟关闭回填模板.csv,governance_closure_decision_preview,governance_readiness_refresh_preview,ready,no,yes,yes
GC-0179,TRN-016-R01,GCEB-008,GR-07,staff_learning_task,TRN-016,候选记录模板填写与更正规则,对应过程填写人员,governance_closure_workbench/03-证据采集模板.csv,governance_closure_workbench/04-拟关闭回填模板.csv,governance_closure_decision_preview,governance_readiness_refresh_preview,ready,no,yes,yes
GC-0180,TRN-016-R02,GCEB-007,GR-07,staff_learning_task,TRN-016,候选记录模板填写与更正规则,复核人员,governance_closure_workbench/03-证据采集模板.csv,governance_closure_workbench/04-拟关闭回填模板.csv,governance_closure_decision_preview,governance_readiness_refresh_preview,ready,no,yes,yes
GC-0181,TRN-016-R03,GCEB-019,GR-07,staff_learning_task,TRN-016,候选记录模板填写与更正规则,文件管理员,governance_closure_workbench/03-证据采集模板.csv,governance_closure_workbench/04-拟关闭回填模板.csv,governance_closure_decision_preview,governance_readiness_refresh_preview,ready,no,yes,yes
GC-0182,TRN-017-R01,GCEB-008,GR-07,staff_learning_task,TRN-017,候选记录模板填写与更正规则,对应过程填写人员,governance_closure_workbench/03-证据采集模板.csv,governance_closure_workbench/04-拟关闭回填模板.csv,governance_closure_decision_preview,governance_readiness_refresh_preview,ready,no,yes,yes
GC-0183,TRN-017-R02,GCEB-007,GR-07,staff_learning_task,TRN-017,候选记录模板填写与更正规则,复核人员,governance_closure_workbench/03-证据采集模板.csv,governance_closure_workbench/04-拟关闭回填模板.csv,governance_closure_decision_preview,governance_readiness_refresh_preview,ready,no,yes,yes
GC-0184,TRN-017-R03,GCEB-019,GR-07,staff_learning_task,TRN-017,候选记录模板填写与更正规则,文件管理员,governance_closure_workbench/03-证据采集模板.csv,governance_closure_workbench/04-拟关闭回填模板.csv,governance_closure_decision_preview,governance_readiness_refresh_preview,ready,no,yes,yes
GC-0185,TRN-018-R01,GCEB-008,GR-07,staff_learning_task,TRN-018,候选记录模板填写与更正规则,对应过程填写人员,governance_closure_workbench/03-证据采集模板.csv,governance_closure_workbench/04-拟关闭回填模板.csv,governance_closure_decision_preview,governance_readiness_refresh_preview,ready,no,yes,yes
GC-0186,TRN-018-R02,GCEB-007,GR-07,staff_learning_task,TRN-018,候选记录模板填写与更正规则,复核人员,governance_closure_workbench/03-证据采集模板.csv,governance_closure_workbench/04-拟关闭回填模板.csv,governance_closure_decision_preview,governance_readiness_refresh_preview,ready,no,yes,yes
GC-0187,TRN-018-R03,GCEB-019,GR-07,staff_learning_task,TRN-018,候选记录模板填写与更正规则,文件管理员,governance_closure_workbench/03-证据采集模板.csv,governance_closure_workbench/04-拟关闭回填模板.csv,governance_closure_decision_preview,governance_readiness_refresh_preview,ready,no,yes,yes
GC-0188,TRN-019-R01,GCEB-008,GR-07,staff_learning_task,TRN-019,候选记录模板填写与更正规则,对应过程填写人员,governance_closure_workbench/03-证据采集模板.csv,governance_closure_workbench/04-拟关闭回填模板.csv,governance_closure_decision_preview,governance_readiness_refresh_preview,ready,no,yes,yes
GC-0189,TRN-019-R02,GCEB-007,GR-07,staff_learning_task,TRN-019,候选记录模板填写与更正规则,复核人员,governance_closure_workbench/03-证据采集模板.csv,governance_closure_workbench/04-拟关闭回填模板.csv,governance_closure_decision_preview,governance_readiness_refresh_preview,ready,no,yes,yes
GC-0190,TRN-019-R03,GCEB-019,GR-07,staff_learning_task,TRN-019,候选记录模板填写与更正规则,文件管理员,governance_closure_workbench/03-证据采集模板.csv,governance_closure_workbench/04-拟关闭回填模板.csv,governance_closure_decision_preview,governance_readiness_refresh_preview,ready,no,yes,yes
GC-0191,TRN-020-R01,GCEB-008,GR-07,staff_learning_task,TRN-020,候选记录模板填写与更正规则,对应过程填写人员,governance_closure_workbench/03-证据采集模板.csv,governance_closure_workbench/04-拟关闭回填模板.csv,governance_closure_decision_preview,governance_readiness_refresh_preview,ready,no,yes,yes
GC-0192,TRN-020-R02,GCEB-007,GR-07,staff_learning_task,TRN-020,候选记录模板填写与更正规则,复核人员,governance_closure_workbench/03-证据采集模板.csv,governance_closure_workbench/04-拟关闭回填模板.csv,governance_closure_decision_preview,governance_readiness_refresh_preview,ready,no,yes,yes
GC-0193,TRN-020-R03,GCEB-019,GR-07,staff_learning_task,TRN-020,候选记录模板填写与更正规则,文件管理员,governance_closure_workbench/03-证据采集模板.csv,governance_closure_workbench/04-拟关闭回填模板.csv,governance_closure_decision_preview,governance_readiness_refresh_preview,ready,no,yes,yes
GC-0194,TRN-021-R01,GCEB-008,GR-07,staff_learning_task,TRN-021,候选记录模板填写与更正规则,对应过程填写人员,governance_closure_workbench/03-证据采集模板.csv,governance_closure_workbench/04-拟关闭回填模板.csv,governance_closure_decision_preview,governance_readiness_refresh_preview,ready,no,yes,yes
GC-0195,TRN-021-R02,GCEB-007,GR-07,staff_learning_task,TRN-021,候选记录模板填写与更正规则,复核人员,governance_closure_workbench/03-证据采集模板.csv,governance_closure_workbench/04-拟关闭回填模板.csv,governance_closure_decision_preview,governance_readiness_refresh_preview,ready,no,yes,yes
GC-0196,TRN-021-R03,GCEB-019,GR-07,staff_learning_task,TRN-021,候选记录模板填写与更正规则,文件管理员,governance_closure_workbench/03-证据采集模板.csv,governance_closure_workbench/04-拟关闭回填模板.csv,governance_closure_decision_preview,governance_readiness_refresh_preview,ready,no,yes,yes
GC-0197,TRN-022-R01,GCEB-008,GR-07,staff_learning_task,TRN-022,候选记录模板填写与更正规则,对应过程填写人员,governance_closure_workbench/03-证据采集模板.csv,governance_closure_workbench/04-拟关闭回填模板.csv,governance_closure_decision_preview,governance_readiness_refresh_preview,ready,no,yes,yes
GC-0198,TRN-022-R02,GCEB-007,GR-07,staff_learning_task,TRN-022,候选记录模板填写与更正规则,复核人员,governance_closure_workbench/03-证据采集模板.csv,governance_closure_workbench/04-拟关闭回填模板.csv,governance_closure_decision_preview,governance_readiness_refresh_preview,ready,no,yes,yes
GC-0199,TRN-022-R03,GCEB-019,GR-07,staff_learning_task,TRN-022,候选记录模板填写与更正规则,文件管理员,governance_closure_workbench/03-证据采集模板.csv,governance_closure_workbench/04-拟关闭回填模板.csv,governance_closure_decision_preview,governance_readiness_refresh_preview,ready,no,yes,yes
GC-0200,TRN-023-R01,GCEB-008,GR-07,staff_learning_task,TRN-023,候选记录模板填写与更正规则,对应过程填写人员,governance_closure_workbench/03-证据采集模板.csv,governance_closure_workbench/04-拟关闭回填模板.csv,governance_closure_decision_preview,governance_readiness_refresh_preview,ready,no,yes,yes
GC-0201,TRN-023-R02,GCEB-007,GR-07,staff_learning_task,TRN-023,候选记录模板填写与更正规则,复核人员,governance_closure_workbench/03-证据采集模板.csv,governance_closure_workbench/04-拟关闭回填模板.csv,governance_closure_decision_preview,governance_readiness_refresh_preview,ready,no,yes,yes
GC-0202,TRN-023-R03,GCEB-019,GR-07,staff_learning_task,TRN-023,候选记录模板填写与更正规则,文件管理员,governance_closure_workbench/03-证据采集模板.csv,governance_closure_workbench/04-拟关闭回填模板.csv,governance_closure_decision_preview,governance_readiness_refresh_preview,ready,no,yes,yes
GC-0203,TRN-024-R01,GCEB-008,GR-07,staff_learning_task,TRN-024,候选记录模板填写与更正规则,对应过程填写人员,governance_closure_workbench/03-证据采集模板.csv,governance_closure_workbench/04-拟关闭回填模板.csv,governance_closure_decision_preview,governance_readiness_refresh_preview,ready,no,yes,yes
GC-0204,TRN-024-R02,GCEB-007,GR-07,staff_learning_task,TRN-024,候选记录模板填写与更正规则,复核人员,governance_closure_workbench/03-证据采集模板.csv,governance_closure_workbench/04-拟关闭回填模板.csv,governance_closure_decision_preview,governance_readiness_refresh_preview,ready,no,yes,yes
GC-0205,TRN-024-R03,GCEB-019,GR-07,staff_learning_task,TRN-024,候选记录模板填写与更正规则,文件管理员,governance_closure_workbench/03-证据采集模板.csv,governance_closure_workbench/04-拟关闭回填模板.csv,governance_closure_decision_preview,governance_readiness_refresh_preview,ready,no,yes,yes
GC-0206,TRN-025-R01,GCEB-008,GR-07,staff_learning_task,TRN-025,候选记录模板填写与更正规则,对应过程填写人员,governance_closure_workbench/03-证据采集模板.csv,governance_closure_workbench/04-拟关闭回填模板.csv,governance_closure_decision_preview,governance_readiness_refresh_preview,ready,no,yes,yes
GC-0207,TRN-025-R02,GCEB-007,GR-07,staff_learning_task,TRN-025,候选记录模板填写与更正规则,复核人员,governance_closure_workbench/03-证据采集模板.csv,governance_closure_workbench/04-拟关闭回填模板.csv,governance_closure_decision_preview,governance_readiness_refresh_preview,ready,no,yes,yes
GC-0208,TRN-025-R03,GCEB-019,GR-07,staff_learning_task,TRN-025,候选记录模板填写与更正规则,文件管理员,governance_closure_workbench/03-证据采集模板.csv,governance_closure_workbench/04-拟关闭回填模板.csv,governance_closure_decision_preview,governance_readiness_refresh_preview,ready,no,yes,yes
GC-0209,TRN-026-R01,GCEB-008,GR-07,staff_learning_task,TRN-026,候选记录模板填写与更正规则,对应过程填写人员,governance_closure_workbench/03-证据采集模板.csv,governance_closure_workbench/04-拟关闭回填模板.csv,governance_closure_decision_preview,governance_readiness_refresh_preview,ready,no,yes,yes
GC-0210,TRN-026-R02,GCEB-007,GR-07,staff_learning_task,TRN-026,候选记录模板填写与更正规则,复核人员,governance_closure_workbench/03-证据采集模板.csv,governance_closure_workbench/04-拟关闭回填模板.csv,governance_closure_decision_preview,governance_readiness_refresh_preview,ready,no,yes,yes
GC-0211,TRN-026-R03,GCEB-019,GR-07,staff_learning_task,TRN-026,候选记录模板填写与更正规则,文件管理员,governance_closure_workbench/03-证据采集模板.csv,governance_closure_workbench/04-拟关闭回填模板.csv,governance_closure_decision_preview,governance_readiness_refresh_preview,ready,no,yes,yes
GC-0212,TRN-027-R01,GCEB-008,GR-07,staff_learning_task,TRN-027,候选记录模板填写与更正规则,对应过程填写人员,governance_closure_workbench/03-证据采集模板.csv,governance_closure_workbench/04-拟关闭回填模板.csv,governance_closure_decision_preview,governance_readiness_refresh_preview,ready,no,yes,yes
GC-0213,TRN-027-R02,GCEB-007,GR-07,staff_learning_task,TRN-027,候选记录模板填写与更正规则,复核人员,governance_closure_workbench/03-证据采集模板.csv,governance_closure_workbench/04-拟关闭回填模板.csv,governance_closure_decision_preview,governance_readiness_refresh_preview,ready,no,yes,yes
GC-0214,TRN-027-R03,GCEB-019,GR-07,staff_learning_task,TRN-027,候选记录模板填写与更正规则,文件管理员,governance_closure_workbench/03-证据采集模板.csv,governance_closure_workbench/04-拟关闭回填模板.csv,governance_closure_decision_preview,governance_readiness_refresh_preview,ready,no,yes,yes
GC-0215,TRN-028-R01,GCEB-008,GR-07,staff_learning_task,TRN-028,候选记录模板填写与更正规则,对应过程填写人员,governance_closure_workbench/03-证据采集模板.csv,governance_closure_workbench/04-拟关闭回填模板.csv,governance_closure_decision_preview,governance_readiness_refresh_preview,ready,no,yes,yes
GC-0216,TRN-028-R02,GCEB-007,GR-07,staff_learning_task,TRN-028,候选记录模板填写与更正规则,复核人员,governance_closure_workbench/03-证据采集模板.csv,governance_closure_workbench/04-拟关闭回填模板.csv,governance_closure_decision_preview,governance_readiness_refresh_preview,ready,no,yes,yes
GC-0217,TRN-028-R03,GCEB-019,GR-07,staff_learning_task,TRN-028,候选记录模板填写与更正规则,文件管理员,governance_closure_workbench/03-证据采集模板.csv,governance_closure_workbench/04-拟关闭回填模板.csv,governance_closure_decision_preview,governance_readiness_refresh_preview,ready,no,yes,yes
GC-0218,TRN-029-R01,GCEB-008,GR-07,staff_learning_task,TRN-029,候选记录模板填写与更正规则,对应过程填写人员,governance_closure_workbench/03-证据采集模板.csv,governance_closure_workbench/04-拟关闭回填模板.csv,governance_closure_decision_preview,governance_readiness_refresh_preview,ready,no,yes,yes
GC-0219,TRN-029-R02,GCEB-007,GR-07,staff_learning_task,TRN-029,候选记录模板填写与更正规则,复核人员,governance_closure_workbench/03-证据采集模板.csv,governance_closure_workbench/04-拟关闭回填模板.csv,governance_closure_decision_preview,governance_readiness_refresh_preview,ready,no,yes,yes
GC-0220,TRN-029-R03,GCEB-019,GR-07,staff_learning_task,TRN-029,候选记录模板填写与更正规则,文件管理员,governance_closure_workbench/03-证据采集模板.csv,governance_closure_workbench/04-拟关闭回填模板.csv,governance_closure_decision_preview,governance_readiness_refresh_preview,ready,no,yes,yes
GC-0221,Q-001,GCEB-058,GR-08,comprehension_question,质量手册,第五版候选稿目前能否直接替代第四版？,质量负责人；文件管理员；相关过程负责人,governance_closure_workbench/03-证据采集模板.csv,governance_closure_workbench/04-拟关闭回填模板.csv,governance_closure_decision_preview,governance_readiness_refresh_preview,ready,no,yes,yes
GC-0222,Q-002,GCEB-058,GR-08,comprehension_question,资质状态,手册和培训材料中 CNAS 状态应如何表述？,质量负责人；文件管理员；相关过程负责人,governance_closure_workbench/03-证据采集模板.csv,governance_closure_workbench/04-拟关闭回填模板.csv,governance_closure_decision_preview,governance_readiness_refresh_preview,ready,no,yes,yes
GC-0223,Q-003,GCEB-058,GR-08,comprehension_question,程序目录,当前程序目录基线是什么？,质量负责人；文件管理员；相关过程负责人,governance_closure_workbench/03-证据采集模板.csv,governance_closure_workbench/04-拟关闭回填模板.csv,governance_closure_decision_preview,governance_readiness_refresh_preview,ready,no,yes,yes
GC-0224,Q-004,GCEB-058,GR-08,comprehension_question,05-02,XZTC/CX-05-02-2022 当前为什么不能直接当普通程序发布？,质量负责人；文件管理员；相关过程负责人,governance_closure_workbench/03-证据采集模板.csv,governance_closure_workbench/04-拟关闭回填模板.csv,governance_closure_decision_preview,governance_readiness_refresh_preview,ready,no,yes,yes
GC-0225,Q-005,GCEB-058,GR-08,comprehension_question,记录模板,候选记录模板启用前至少要确认哪些字段问题？,质量负责人；文件管理员；相关过程负责人,governance_closure_workbench/03-证据采集模板.csv,governance_closure_workbench/04-拟关闭回填模板.csv,governance_closure_decision_preview,governance_readiness_refresh_preview,ready,no,yes,yes
GC-0226,Q-006,GCEB-058,GR-08,comprehension_question,模拟试填,全量试填样表是否可以作为真实运行记录？,质量负责人；文件管理员；相关过程负责人,governance_closure_workbench/03-证据采集模板.csv,governance_closure_workbench/04-拟关闭回填模板.csv,governance_closure_decision_preview,governance_readiness_refresh_preview,ready,no,yes,yes
GC-0227,Q-007,GCEB-058,GR-08,comprehension_question,质量手册修订,XZTC/SC 第五版候选稿为什么不能按新增同编号草稿直接写入？,质量负责人；文件管理员；相关过程负责人,governance_closure_workbench/03-证据采集模板.csv,governance_closure_workbench/04-拟关闭回填模板.csv,governance_closure_decision_preview,governance_readiness_refresh_preview,ready,no,yes,yes
GC-0228,Q-008,GCEB-058,GR-08,comprehension_question,受控发布,文件批准后还需留下哪些发布证据？,质量负责人；文件管理员；相关过程负责人,governance_closure_workbench/03-证据采集模板.csv,governance_closure_workbench/04-拟关闭回填模板.csv,governance_closure_decision_preview,governance_readiness_refresh_preview,ready,no,yes,yes
GC-0229,Q-009,GCEB-058,GR-08,comprehension_question,jewelry-qms,jewelry-qms 当前可否写入质量手册正文作为正式系统？,质量负责人；文件管理员；相关过程负责人,governance_closure_workbench/03-证据采集模板.csv,governance_closure_workbench/04-拟关闭回填模板.csv,governance_closure_decision_preview,governance_readiness_refresh_preview,ready,no,yes,yes
GC-0230,Q-010,GCEB-058,GR-08,comprehension_question,LIMS 命令,真实 apply 的前置条件是什么？,质量负责人；文件管理员；相关过程负责人,governance_closure_workbench/03-证据采集模板.csv,governance_closure_workbench/04-拟关闭回填模板.csv,governance_closure_decision_preview,governance_readiness_refresh_preview,ready,no,yes,yes
GC-0231,Q-011,GCEB-058,GR-08,comprehension_question,电子记录,LIMS/电子记录投入使用前应确认哪些方面？,质量负责人；文件管理员；相关过程负责人,governance_closure_workbench/03-证据采集模板.csv,governance_closure_workbench/04-拟关闭回填模板.csv,governance_closure_decision_preview,governance_readiness_refresh_preview,ready,no,yes,yes
GC-0232,Q-012,GCEB-058,GR-08,comprehension_question,问题反馈,发现候选稿或模板问题时应如何回填？,质量负责人；文件管理员；相关过程负责人,governance_closure_workbench/03-证据采集模板.csv,governance_closure_workbench/04-拟关闭回填模板.csv,governance_closure_decision_preview,governance_readiness_refresh_preview,ready,no,yes,yes
GC-0233,FB-001,GCEB-009,GR-09,feedback_closure,第五版候选手册正文事实错误或职责不匹配,10-质量手册第五版候选稿.md,待人工分配,governance_closure_workbench/03-证据采集模板.csv,governance_closure_workbench/04-拟关闭回填模板.csv,governance_closure_decision_preview,governance_readiness_refresh_preview,ready,no,yes,yes
GC-0234,FB-002,GCEB-009,GR-09,feedback_closure,第四版到第五版修订说明需补充,11-第四版到第五版候选修订说明.md,待人工分配,governance_closure_workbench/03-证据采集模板.csv,governance_closure_workbench/04-拟关闭回填模板.csv,governance_closure_decision_preview,governance_readiness_refresh_preview,ready,no,yes,yes
GC-0235,FB-003,GCEB-009,GR-09,feedback_closure,2022 程序目录或 05-02 归属有疑问,12-支持性程序目录-2022版.md,待人工分配,governance_closure_workbench/03-证据采集模板.csv,governance_closure_workbench/04-拟关闭回填模板.csv,governance_closure_decision_preview,governance_readiness_refresh_preview,ready,no,yes,yes
GC-0236,FB-004,GCEB-009,GR-09,feedback_closure,候选记录模板字段需新增/删除/改名,record_template_field_catalog/02-字段级明细.csv,待人工分配,governance_closure_workbench/03-证据采集模板.csv,governance_closure_workbench/04-拟关闭回填模板.csv,governance_closure_decision_preview,governance_readiness_refresh_preview,ready,no,yes,yes
GC-0237,FB-005,GCEB-009,GR-09,feedback_closure,保存期限、保密等级或保存位置待确认,record_template_field_catalog/02-字段级明细.csv,待人工分配,governance_closure_workbench/03-证据采集模板.csv,governance_closure_workbench/04-拟关闭回填模板.csv,governance_closure_decision_preview,governance_readiness_refresh_preview,ready,no,yes,yes
GC-0238,FB-006,GCEB-009,GR-09,feedback_closure,质量手册修订/换版路径需调整,manual_revision_path_pack/04-人工决策闸门.csv,待人工分配,governance_closure_workbench/03-证据采集模板.csv,governance_closure_workbench/04-拟关闭回填模板.csv,governance_closure_decision_preview,governance_readiness_refresh_preview,ready,no,yes,yes
GC-0239,FB-007,GCEB-009,GR-09,feedback_closure,受控发布、培训或旧版处置安排需调整,controlled_release_rehearsal/03-培训宣贯演练清单.csv,待人工分配,governance_closure_workbench/03-证据采集模板.csv,governance_closure_workbench/04-拟关闭回填模板.csv,governance_closure_decision_preview,governance_readiness_refresh_preview,ready,no,yes,yes
GC-0240,FB-008,GCEB-009,GR-09,feedback_closure,jewelry-qms 试运行边界或系统字段需调整,14-jewelry-qms实施计划与验证方案.md,待人工分配,governance_closure_workbench/03-证据采集模板.csv,governance_closure_workbench/04-拟关闭回填模板.csv,governance_closure_decision_preview,governance_readiness_refresh_preview,ready,no,yes,yes
GC-0241,WRITE-PREVIEW-REVIEW,GCEB-042,GR-10,write_preview_review,phase1,第一阶段 documents/record_form_templates/qms_sources 行级预览,系统管理员/文件管理员/质量负责人,governance_closure_workbench/03-证据采集模板.csv,governance_closure_workbench/04-拟关闭回填模板.csv,governance_closure_decision_preview,governance_readiness_refresh_preview,ready,no,yes,yes
GC-0242,STG2-BLOCK-001,GCEB-052,GR-11,stage2_structured_review,manual_v5_candidate_4_1,manual_v5_candidate_4_1,质量负责人/技术负责人/文件管理员,governance_closure_workbench/03-证据采集模板.csv,governance_closure_workbench/04-拟关闭回填模板.csv,governance_closure_decision_preview,governance_readiness_refresh_preview,ready,no,yes,yes
GC-0243,STG2-BLOCK-002,GCEB-052,GR-11,stage2_structured_review,manual_v5_candidate_4_2,manual_v5_candidate_4_2,质量负责人/技术负责人/文件管理员,governance_closure_workbench/03-证据采集模板.csv,governance_closure_workbench/04-拟关闭回填模板.csv,governance_closure_decision_preview,governance_readiness_refresh_preview,ready,no,yes,yes
GC-0244,STG2-BLOCK-003,GCEB-052,GR-11,stage2_structured_review,manual_v5_candidate_5,manual_v5_candidate_5,质量负责人/技术负责人/文件管理员,governance_closure_workbench/03-证据采集模板.csv,governance_closure_workbench/04-拟关闭回填模板.csv,governance_closure_decision_preview,governance_readiness_refresh_preview,ready,no,yes,yes
GC-0245,STG2-BLOCK-004,GCEB-052,GR-11,stage2_structured_review,manual_v5_candidate_6_1,manual_v5_candidate_6_1,质量负责人/技术负责人/文件管理员,governance_closure_workbench/03-证据采集模板.csv,governance_closure_workbench/04-拟关闭回填模板.csv,governance_closure_decision_preview,governance_readiness_refresh_preview,ready,no,yes,yes
GC-0246,STG2-BLOCK-005,GCEB-052,GR-11,stage2_structured_review,manual_v5_candidate_6_2,manual_v5_candidate_6_2,质量负责人/技术负责人/文件管理员,governance_closure_workbench/03-证据采集模板.csv,governance_closure_workbench/04-拟关闭回填模板.csv,governance_closure_decision_preview,governance_readiness_refresh_preview,ready,no,yes,yes
GC-0247,STG2-BLOCK-006,GCEB-052,GR-11,stage2_structured_review,manual_v5_candidate_6_3,manual_v5_candidate_6_3,质量负责人/技术负责人/文件管理员,governance_closure_workbench/03-证据采集模板.csv,governance_closure_workbench/04-拟关闭回填模板.csv,governance_closure_decision_preview,governance_readiness_refresh_preview,ready,no,yes,yes
GC-0248,STG2-BLOCK-007,GCEB-052,GR-11,stage2_structured_review,manual_v5_candidate_6_4,manual_v5_candidate_6_4,质量负责人/技术负责人/文件管理员,governance_closure_workbench/03-证据采集模板.csv,governance_closure_workbench/04-拟关闭回填模板.csv,governance_closure_decision_preview,governance_readiness_refresh_preview,ready,no,yes,yes
GC-0249,STG2-BLOCK-008,GCEB-052,GR-11,stage2_structured_review,manual_v5_candidate_6_5,manual_v5_candidate_6_5,质量负责人/技术负责人/文件管理员,governance_closure_workbench/03-证据采集模板.csv,governance_closure_workbench/04-拟关闭回填模板.csv,governance_closure_decision_preview,governance_readiness_refresh_preview,ready,no,yes,yes
GC-0250,STG2-BLOCK-009,GCEB-052,GR-11,stage2_structured_review,manual_v5_candidate_6_6,manual_v5_candidate_6_6,质量负责人/技术负责人/文件管理员,governance_closure_workbench/03-证据采集模板.csv,governance_closure_workbench/04-拟关闭回填模板.csv,governance_closure_decision_preview,governance_readiness_refresh_preview,ready,no,yes,yes
GC-0251,STG2-BLOCK-010,GCEB-052,GR-11,stage2_structured_review,manual_v5_candidate_7_1,manual_v5_candidate_7_1,质量负责人/技术负责人/文件管理员,governance_closure_workbench/03-证据采集模板.csv,governance_closure_workbench/04-拟关闭回填模板.csv,governance_closure_decision_preview,governance_readiness_refresh_preview,ready,no,yes,yes
GC-0252,STG2-BLOCK-011,GCEB-052,GR-11,stage2_structured_review,manual_v5_candidate_7_2,manual_v5_candidate_7_2,质量负责人/技术负责人/文件管理员,governance_closure_workbench/03-证据采集模板.csv,governance_closure_workbench/04-拟关闭回填模板.csv,governance_closure_decision_preview,governance_readiness_refresh_preview,ready,no,yes,yes
GC-0253,STG2-BLOCK-012,GCEB-052,GR-11,stage2_structured_review,manual_v5_candidate_7_3,manual_v5_candidate_7_3,质量负责人/技术负责人/文件管理员,governance_closure_workbench/03-证据采集模板.csv,governance_closure_workbench/04-拟关闭回填模板.csv,governance_closure_decision_preview,governance_readiness_refresh_preview,ready,no,yes,yes
GC-0254,STG2-BLOCK-013,GCEB-052,GR-11,stage2_structured_review,manual_v5_candidate_7_4,manual_v5_candidate_7_4,质量负责人/技术负责人/文件管理员,governance_closure_workbench/03-证据采集模板.csv,governance_closure_workbench/04-拟关闭回填模板.csv,governance_closure_decision_preview,governance_readiness_refresh_preview,ready,no,yes,yes
GC-0255,STG2-BLOCK-014,GCEB-052,GR-11,stage2_structured_review,manual_v5_candidate_7_5,manual_v5_candidate_7_5,质量负责人/技术负责人/文件管理员,governance_closure_workbench/03-证据采集模板.csv,governance_closure_workbench/04-拟关闭回填模板.csv,governance_closure_decision_preview,governance_readiness_refresh_preview,ready,no,yes,yes
GC-0256,STG2-BLOCK-015,GCEB-052,GR-11,stage2_structured_review,manual_v5_candidate_7_6,manual_v5_candidate_7_6,质量负责人/技术负责人/文件管理员,governance_closure_workbench/03-证据采集模板.csv,governance_closure_workbench/04-拟关闭回填模板.csv,governance_closure_decision_preview,governance_readiness_refresh_preview,ready,no,yes,yes
GC-0257,STG2-BLOCK-016,GCEB-052,GR-11,stage2_structured_review,manual_v5_candidate_7_7,manual_v5_candidate_7_7,质量负责人/技术负责人/文件管理员,governance_closure_workbench/03-证据采集模板.csv,governance_closure_workbench/04-拟关闭回填模板.csv,governance_closure_decision_preview,governance_readiness_refresh_preview,ready,no,yes,yes
GC-0258,STG2-BLOCK-017,GCEB-052,GR-11,stage2_structured_review,manual_v5_candidate_7_8,manual_v5_candidate_7_8,质量负责人/技术负责人/文件管理员,governance_closure_workbench/03-证据采集模板.csv,governance_closure_workbench/04-拟关闭回填模板.csv,governance_closure_decision_preview,governance_readiness_refresh_preview,ready,no,yes,yes
GC-0259,STG2-BLOCK-018,GCEB-052,GR-11,stage2_structured_review,manual_v5_candidate_7_9,manual_v5_candidate_7_9,质量负责人/技术负责人/文件管理员,governance_closure_workbench/03-证据采集模板.csv,governance_closure_workbench/04-拟关闭回填模板.csv,governance_closure_decision_preview,governance_readiness_refresh_preview,ready,no,yes,yes
GC-0260,STG2-BLOCK-019,GCEB-052,GR-11,stage2_structured_review,manual_v5_candidate_7_10,manual_v5_candidate_7_10,质量负责人/技术负责人/文件管理员,governance_closure_workbench/03-证据采集模板.csv,governance_closure_workbench/04-拟关闭回填模板.csv,governance_closure_decision_preview,governance_readiness_refresh_preview,ready,no,yes,yes
GC-0261,STG2-BLOCK-020,GCEB-052,GR-11,stage2_structured_review,manual_v5_candidate_7_11,manual_v5_candidate_7_11,质量负责人/技术负责人/文件管理员,governance_closure_workbench/03-证据采集模板.csv,governance_closure_workbench/04-拟关闭回填模板.csv,governance_closure_decision_preview,governance_readiness_refresh_preview,ready,no,yes,yes
GC-0262,STG2-BLOCK-021,GCEB-052,GR-11,stage2_structured_review,manual_v5_candidate_8_1,manual_v5_candidate_8_1,质量负责人/技术负责人/文件管理员,governance_closure_workbench/03-证据采集模板.csv,governance_closure_workbench/04-拟关闭回填模板.csv,governance_closure_decision_preview,governance_readiness_refresh_preview,ready,no,yes,yes
GC-0263,STG2-BLOCK-022,GCEB-052,GR-11,stage2_structured_review,manual_v5_candidate_8_2,manual_v5_candidate_8_2,质量负责人/技术负责人/文件管理员,governance_closure_workbench/03-证据采集模板.csv,governance_closure_workbench/04-拟关闭回填模板.csv,governance_closure_decision_preview,governance_readiness_refresh_preview,ready,no,yes,yes
GC-0264,STG2-BLOCK-023,GCEB-052,GR-11,stage2_structured_review,manual_v5_candidate_8_3,manual_v5_candidate_8_3,质量负责人/技术负责人/文件管理员,governance_closure_workbench/03-证据采集模板.csv,governance_closure_workbench/04-拟关闭回填模板.csv,governance_closure_decision_preview,governance_readiness_refresh_preview,ready,no,yes,yes
GC-0265,STG2-BLOCK-024,GCEB-052,GR-11,stage2_structured_review,manual_v5_candidate_8_4,manual_v5_candidate_8_4,质量负责人/技术负责人/文件管理员,governance_closure_workbench/03-证据采集模板.csv,governance_closure_workbench/04-拟关闭回填模板.csv,governance_closure_decision_preview,governance_readiness_refresh_preview,ready,no,yes,yes
GC-0266,STG2-BLOCK-025,GCEB-052,GR-11,stage2_structured_review,manual_v5_candidate_8_5,manual_v5_candidate_8_5,质量负责人/技术负责人/文件管理员,governance_closure_workbench/03-证据采集模板.csv,governance_closure_workbench/04-拟关闭回填模板.csv,governance_closure_decision_preview,governance_readiness_refresh_preview,ready,no,yes,yes
GC-0267,STG2-BLOCK-026,GCEB-052,GR-11,stage2_structured_review,manual_v5_candidate_8_6,manual_v5_candidate_8_6,质量负责人/技术负责人/文件管理员,governance_closure_workbench/03-证据采集模板.csv,governance_closure_workbench/04-拟关闭回填模板.csv,governance_closure_decision_preview,governance_readiness_refresh_preview,ready,no,yes,yes
GC-0268,STG2-BLOCK-027,GCEB-052,GR-11,stage2_structured_review,manual_v5_candidate_8_7,manual_v5_candidate_8_7,质量负责人/技术负责人/文件管理员,governance_closure_workbench/03-证据采集模板.csv,governance_closure_workbench/04-拟关闭回填模板.csv,governance_closure_decision_preview,governance_readiness_refresh_preview,ready,no,yes,yes
GC-0269,STG2-BLOCK-028,GCEB-052,GR-11,stage2_structured_review,manual_v5_candidate_8_8,manual_v5_candidate_8_8,质量负责人/技术负责人/文件管理员,governance_closure_workbench/03-证据采集模板.csv,governance_closure_workbench/04-拟关闭回填模板.csv,governance_closure_decision_preview,governance_readiness_refresh_preview,ready,no,yes,yes
GC-0270,STG2-BLOCK-029,GCEB-052,GR-11,stage2_structured_review,manual_v5_candidate_8_9,manual_v5_candidate_8_9,质量负责人/技术负责人/文件管理员,governance_closure_workbench/03-证据采集模板.csv,governance_closure_workbench/04-拟关闭回填模板.csv,governance_closure_decision_preview,governance_readiness_refresh_preview,ready,no,yes,yes
GC-0271,STG2-LINK-001,GCEB-052,GR-11,stage2_structured_review,XZTC/CX-07-02-2022,manual_v5_candidate_4_1->procedure_document:XZTC/CX-07-02-2022,质量负责人/技术负责人/文件管理员,governance_closure_workbench/03-证据采集模板.csv,governance_closure_workbench/04-拟关闭回填模板.csv,governance_closure_decision_preview,governance_readiness_refresh_preview,ready,no,yes,yes
GC-0272,STG2-LINK-002,GCEB-052,GR-11,stage2_structured_review,XZTC/CX-07-2022,manual_v5_candidate_4_1->procedure_document:XZTC/CX-07-2022,质量负责人/技术负责人/文件管理员,governance_closure_workbench/03-证据采集模板.csv,governance_closure_workbench/04-拟关闭回填模板.csv,governance_closure_decision_preview,governance_readiness_refresh_preview,ready,no,yes,yes
GC-0273,STG2-LINK-003,GCEB-052,GR-11,stage2_structured_review,XZTC/CX-32-2022,manual_v5_candidate_4_1->procedure_document:XZTC/CX-32-2022,质量负责人/技术负责人/文件管理员,governance_closure_workbench/03-证据采集模板.csv,governance_closure_workbench/04-拟关闭回填模板.csv,governance_closure_decision_preview,governance_readiness_refresh_preview,ready,no,yes,yes
GC-0274,STG2-LINK-004,GCEB-052,GR-11,stage2_structured_review,JL-4.1-01,manual_v5_candidate_4_1->record_form_template:JL-4.1-01,质量负责人/技术负责人/文件管理员,governance_closure_workbench/03-证据采集模板.csv,governance_closure_workbench/04-拟关闭回填模板.csv,governance_closure_decision_preview,governance_readiness_refresh_preview,ready,no,yes,yes
GC-0275,STG2-LINK-005,GCEB-052,GR-11,stage2_structured_review,XZTC/CX-06-2022,manual_v5_candidate_4_2->procedure_document:XZTC/CX-06-2022,质量负责人/技术负责人/文件管理员,governance_closure_workbench/03-证据采集模板.csv,governance_closure_workbench/04-拟关闭回填模板.csv,governance_closure_decision_preview,governance_readiness_refresh_preview,ready,no,yes,yes
GC-0276,STG2-LINK-006,GCEB-052,GR-11,stage2_structured_review,XZTC/CX-08-2022,manual_v5_candidate_4_2->procedure_document:XZTC/CX-08-2022,质量负责人/技术负责人/文件管理员,governance_closure_workbench/03-证据采集模板.csv,governance_closure_workbench/04-拟关闭回填模板.csv,governance_closure_decision_preview,governance_readiness_refresh_preview,ready,no,yes,yes
GC-0277,STG2-LINK-007,GCEB-052,GR-11,stage2_structured_review,XZTC/CX-19-2022,manual_v5_candidate_4_2->procedure_document:XZTC/CX-19-2022,质量负责人/技术负责人/文件管理员,governance_closure_workbench/03-证据采集模板.csv,governance_closure_workbench/04-拟关闭回填模板.csv,governance_closure_decision_preview,governance_readiness_refresh_preview,ready,no,yes,yes
GC-0278,STG2-LINK-008,GCEB-052,GR-11,stage2_structured_review,XZTC/CX-26-2022,manual_v5_candidate_4_2->procedure_document:XZTC/CX-26-2022,质量负责人/技术负责人/文件管理员,governance_closure_workbench/03-证据采集模板.csv,governance_closure_workbench/04-拟关闭回填模板.csv,governance_closure_decision_preview,governance_readiness_refresh_preview,ready,no,yes,yes
GC-0279,STG2-LINK-009,GCEB-052,GR-11,stage2_structured_review,JL-4.2-01,manual_v5_candidate_4_2->record_form_template:JL-4.2-01,质量负责人/技术负责人/文件管理员,governance_closure_workbench/03-证据采集模板.csv,governance_closure_workbench/04-拟关闭回填模板.csv,governance_closure_decision_preview,governance_readiness_refresh_preview,ready,no,yes,yes
GC-0280,STG2-LINK-010,GCEB-052,GR-11,stage2_structured_review,XZTC/CX-01-02-2022,manual_v5_candidate_5->procedure_document:XZTC/CX-01-02-2022,质量负责人/技术负责人/文件管理员,governance_closure_workbench/03-证据采集模板.csv,governance_closure_workbench/04-拟关闭回填模板.csv,governance_closure_decision_preview,governance_readiness_refresh_preview,ready,no,yes,yes
GC-0281,STG2-LINK-011,GCEB-052,GR-11,stage2_structured_review,XZTC/CX-13-2022,manual_v5_candidate_5->procedure_document:XZTC/CX-13-2022,质量负责人/技术负责人/文件管理员,governance_closure_workbench/03-证据采集模板.csv,governance_closure_workbench/04-拟关闭回填模板.csv,governance_closure_decision_preview,governance_readiness_refresh_preview,ready,no,yes,yes
GC-0282,STG2-LINK-012,GCEB-052,GR-11,stage2_structured_review,XZTC/CX-32-2022,manual_v5_candidate_5->procedure_document:XZTC/CX-32-2022,质量负责人/技术负责人/文件管理员,governance_closure_workbench/03-证据采集模板.csv,governance_closure_workbench/04-拟关闭回填模板.csv,governance_closure_decision_preview,governance_readiness_refresh_preview,ready,no,yes,yes
GC-0283,STG2-LINK-013,GCEB-052,GR-11,stage2_structured_review,JL-5-01,manual_v5_candidate_5->record_form_template:JL-5-01,质量负责人/技术负责人/文件管理员,governance_closure_workbench/03-证据采集模板.csv,governance_closure_workbench/04-拟关闭回填模板.csv,governance_closure_decision_preview,governance_readiness_refresh_preview,ready,no,yes,yes
GC-0284,STG2-LINK-014,GCEB-052,GR-11,stage2_structured_review,XZTC/CX-01-02-2022,manual_v5_candidate_6_1->procedure_document:XZTC/CX-01-02-2022,质量负责人/技术负责人/文件管理员,governance_closure_workbench/03-证据采集模板.csv,governance_closure_workbench/04-拟关闭回填模板.csv,governance_closure_decision_preview,governance_readiness_refresh_preview,ready,no,yes,yes
GC-0285,STG2-LINK-015,GCEB-052,GR-11,stage2_structured_review,XZTC/CX-02-2022,manual_v5_candidate_6_1->procedure_document:XZTC/CX-02-2022,质量负责人/技术负责人/文件管理员,governance_closure_workbench/03-证据采集模板.csv,governance_closure_workbench/04-拟关闭回填模板.csv,governance_closure_decision_preview,governance_readiness_refresh_preview,ready,no,yes,yes
GC-0286,STG2-LINK-016,GCEB-052,GR-11,stage2_structured_review,XZTC/CX-03-2022,manual_v5_candidate_6_1->procedure_document:XZTC/CX-03-2022,质量负责人/技术负责人/文件管理员,governance_closure_workbench/03-证据采集模板.csv,governance_closure_workbench/04-拟关闭回填模板.csv,governance_closure_decision_preview,governance_readiness_refresh_preview,ready,no,yes,yes
GC-0287,STG2-LINK-017,GCEB-052,GR-11,stage2_structured_review,XZTC/CX-11-2022,manual_v5_candidate_6_1->procedure_document:XZTC/CX-11-2022,质量负责人/技术负责人/文件管理员,governance_closure_workbench/03-证据采集模板.csv,governance_closure_workbench/04-拟关闭回填模板.csv,governance_closure_decision_preview,governance_readiness_refresh_preview,ready,no,yes,yes
GC-0288,STG2-LINK-018,GCEB-052,GR-11,stage2_structured_review,JL-5-01,manual_v5_candidate_6_1->record_form_template:JL-5-01,质量负责人/技术负责人/文件管理员,governance_closure_workbench/03-证据采集模板.csv,governance_closure_workbench/04-拟关闭回填模板.csv,governance_closure_decision_preview,governance_readiness_refresh_preview,ready,no,yes,yes
GC-0289,STG2-LINK-019,GCEB-052,GR-11,stage2_structured_review,XZTC/CX-01-02-2022,manual_v5_candidate_6_2->procedure_document:XZTC/CX-01-02-2022,质量负责人/技术负责人/文件管理员,governance_closure_workbench/03-证据采集模板.csv,governance_closure_workbench/04-拟关闭回填模板.csv,governance_closure_decision_preview,governance_readiness_refresh_preview,ready,no,yes,yes
GC-0290,STG2-LINK-020,GCEB-052,GR-11,stage2_structured_review,XZTC/CX-01-2022,manual_v5_candidate_6_2->procedure_document:XZTC/CX-01-2022,质量负责人/技术负责人/文件管理员,governance_closure_workbench/03-证据采集模板.csv,governance_closure_workbench/04-拟关闭回填模板.csv,governance_closure_decision_preview,governance_readiness_refresh_preview,ready,no,yes,yes
GC-0291,STG2-LINK-021,GCEB-052,GR-11,stage2_structured_review,XZTC/CX-31-2022,manual_v5_candidate_6_2->procedure_document:XZTC/CX-31-2022,质量负责人/技术负责人/文件管理员,governance_closure_workbench/03-证据采集模板.csv,governance_closure_workbench/04-拟关闭回填模板.csv,governance_closure_decision_preview,governance_readiness_refresh_preview,ready,no,yes,yes
GC-0292,STG2-LINK-022,GCEB-052,GR-11,stage2_structured_review,JL-6.2-01,manual_v5_candidate_6_2->record_form_template:JL-6.2-01,质量负责人/技术负责人/文件管理员,governance_closure_workbench/03-证据采集模板.csv,governance_closure_workbench/04-拟关闭回填模板.csv,governance_closure_decision_preview,governance_readiness_refresh_preview,ready,no,yes,yes
GC-0293,STG2-LINK-023,GCEB-052,GR-11,stage2_structured_review,XZTC/CX-02-2022,manual_v5_candidate_6_3->procedure_document:XZTC/CX-02-2022,质量负责人/技术负责人/文件管理员,governance_closure_workbench/03-证据采集模板.csv,governance_closure_workbench/04-拟关闭回填模板.csv,governance_closure_decision_preview,governance_readiness_refresh_preview,ready,no,yes,yes
GC-0294,STG2-LINK-024,GCEB-052,GR-11,stage2_structured_review,XZTC/CX-31-2022,manual_v5_candidate_6_3->procedure_document:XZTC/CX-31-2022,质量负责人/技术负责人/文件管理员,governance_closure_workbench/03-证据采集模板.csv,governance_closure_workbench/04-拟关闭回填模板.csv,governance_closure_decision_preview,governance_readiness_refresh_preview,ready,no,yes,yes
GC-0295,STG2-LINK-025,GCEB-052,GR-11,stage2_structured_review,XZTC/CX-33-2022,manual_v5_candidate_6_3->procedure_document:XZTC/CX-33-2022,质量负责人/技术负责人/文件管理员,governance_closure_workbench/03-证据采集模板.csv,governance_closure_workbench/04-拟关闭回填模板.csv,governance_closure_decision_preview,governance_readiness_refresh_preview,ready,no,yes,yes
GC-0296,STG2-LINK-026,GCEB-052,GR-11,stage2_structured_review,JL-6.3-01,manual_v5_candidate_6_3->record_form_template:JL-6.3-01,质量负责人/技术负责人/文件管理员,governance_closure_workbench/03-证据采集模板.csv,governance_closure_workbench/04-拟关闭回填模板.csv,governance_closure_decision_preview,governance_readiness_refresh_preview,ready,no,yes,yes
GC-0297,STG2-LINK-027,GCEB-052,GR-11,stage2_structured_review,XZTC/CX-03-02-2022,manual_v5_candidate_6_4->procedure_document:XZTC/CX-03-02-2022,质量负责人/技术负责人/文件管理员,governance_closure_workbench/03-证据采集模板.csv,governance_closure_workbench/04-拟关闭回填模板.csv,governance_closure_decision_preview,governance_readiness_refresh_preview,ready,no,yes,yes
GC-0298,STG2-LINK-028,GCEB-052,GR-11,stage2_structured_review,XZTC/CX-03-2022,manual_v5_candidate_6_4->procedure_document:XZTC/CX-03-2022,质量负责人/技术负责人/文件管理员,governance_closure_workbench/03-证据采集模板.csv,governance_closure_workbench/04-拟关闭回填模板.csv,governance_closure_decision_preview,governance_readiness_refresh_preview,ready,no,yes,yes
GC-0299,STG2-LINK-029,GCEB-052,GR-11,stage2_structured_review,XZTC/CX-04-2022,manual_v5_candidate_6_4->procedure_document:XZTC/CX-04-2022,质量负责人/技术负责人/文件管理员,governance_closure_workbench/03-证据采集模板.csv,governance_closure_workbench/04-拟关闭回填模板.csv,governance_closure_decision_preview,governance_readiness_refresh_preview,ready,no,yes,yes
GC-0300,STG2-LINK-030,GCEB-052,GR-11,stage2_structured_review,XZTC/CX-05-02-2022,manual_v5_candidate_6_4->attachment_form_document:XZTC/CX-05-02-2022,质量负责人/技术负责人/文件管理员,governance_closure_workbench/03-证据采集模板.csv,governance_closure_workbench/04-拟关闭回填模板.csv,governance_closure_decision_preview,governance_readiness_refresh_preview,ready,no,yes,yes
GC-0301,STG2-LINK-031,GCEB-052,GR-11,stage2_structured_review,JL-6.4-01,manual_v5_candidate_6_4->record_form_template:JL-6.4-01,质量负责人/技术负责人/文件管理员,governance_closure_workbench/03-证据采集模板.csv,governance_closure_workbench/04-拟关闭回填模板.csv,governance_closure_decision_preview,governance_readiness_refresh_preview,ready,no,yes,yes
GC-0302,STG2-LINK-032,GCEB-052,GR-11,stage2_structured_review,XZTC/CX-03-02-2022,manual_v5_candidate_6_5->procedure_document:XZTC/CX-03-02-2022,质量负责人/技术负责人/文件管理员,governance_closure_workbench/03-证据采集模板.csv,governance_closure_workbench/04-拟关闭回填模板.csv,governance_closure_decision_preview,governance_readiness_refresh_preview,ready,no,yes,yes
GC-0303,STG2-LINK-033,GCEB-052,GR-11,stage2_structured_review,XZTC/CX-05-2022,manual_v5_candidate_6_5->procedure_document:XZTC/CX-05-2022,质量负责人/技术负责人/文件管理员,governance_closure_workbench/03-证据采集模板.csv,governance_closure_workbench/04-拟关闭回填模板.csv,governance_closure_decision_preview,governance_readiness_refresh_preview,ready,no,yes,yes
GC-0304,STG2-LINK-034,GCEB-052,GR-11,stage2_structured_review,XZTC/CX-05-02-2022,manual_v5_candidate_6_5->attachment_form_document:XZTC/CX-05-02-2022,质量负责人/技术负责人/文件管理员,governance_closure_workbench/03-证据采集模板.csv,governance_closure_workbench/04-拟关闭回填模板.csv,governance_closure_decision_preview,governance_readiness_refresh_preview,ready,no,yes,yes
GC-0305,STG2-LINK-035,GCEB-052,GR-11,stage2_structured_review,JL-6.5-01,manual_v5_candidate_6_5->record_form_template:JL-6.5-01,质量负责人/技术负责人/文件管理员,governance_closure_workbench/03-证据采集模板.csv,governance_closure_workbench/04-拟关闭回填模板.csv,governance_closure_decision_preview,governance_readiness_refresh_preview,ready,no,yes,yes
GC-0306,STG2-LINK-036,GCEB-052,GR-11,stage2_structured_review,XZTC/CX-11-2022,manual_v5_candidate_6_6->procedure_document:XZTC/CX-11-2022,质量负责人/技术负责人/文件管理员,governance_closure_workbench/03-证据采集模板.csv,governance_closure_workbench/04-拟关闭回填模板.csv,governance_closure_decision_preview,governance_readiness_refresh_preview,ready,no,yes,yes
GC-0307,STG2-LINK-037,GCEB-052,GR-11,stage2_structured_review,XZTC/CX-19-2022,manual_v5_candidate_6_6->procedure_document:XZTC/CX-19-2022,质量负责人/技术负责人/文件管理员,governance_closure_workbench/03-证据采集模板.csv,governance_closure_workbench/04-拟关闭回填模板.csv,governance_closure_decision_preview,governance_readiness_refresh_preview,ready,no,yes,yes
GC-0308,STG2-LINK-038,GCEB-052,GR-11,stage2_structured_review,XZTC/CX-32-2022,manual_v5_candidate_6_6->procedure_document:XZTC/CX-32-2022,质量负责人/技术负责人/文件管理员,governance_closure_workbench/03-证据采集模板.csv,governance_closure_workbench/04-拟关闭回填模板.csv,governance_closure_decision_preview,governance_readiness_refresh_preview,ready,no,yes,yes
GC-0309,STG2-LINK-039,GCEB-052,GR-11,stage2_structured_review,JL-6.6-01,manual_v5_candidate_6_6->record_form_template:JL-6.6-01,质量负责人/技术负责人/文件管理员,governance_closure_workbench/03-证据采集模板.csv,governance_closure_workbench/04-拟关闭回填模板.csv,governance_closure_decision_preview,governance_readiness_refresh_preview,ready,no,yes,yes
GC-0310,STG2-LINK-040,GCEB-052,GR-11,stage2_structured_review,XZTC/CX-08-2022,manual_v5_candidate_7_1->procedure_document:XZTC/CX-08-2022,质量负责人/技术负责人/文件管理员,governance_closure_workbench/03-证据采集模板.csv,governance_closure_workbench/04-拟关闭回填模板.csv,governance_closure_decision_preview,governance_readiness_refresh_preview,ready,no,yes,yes
GC-0311,STG2-LINK-041,GCEB-052,GR-11,stage2_structured_review,XZTC/CX-09-2022,manual_v5_candidate_7_1->procedure_document:XZTC/CX-09-2022,质量负责人/技术负责人/文件管理员,governance_closure_workbench/03-证据采集模板.csv,governance_closure_workbench/04-拟关闭回填模板.csv,governance_closure_decision_preview,governance_readiness_refresh_preview,ready,no,yes,yes
GC-0312,STG2-LINK-042,GCEB-052,GR-11,stage2_structured_review,XZTC/CX-12-2022,manual_v5_candidate_7_1->procedure_document:XZTC/CX-12-2022,质量负责人/技术负责人/文件管理员,governance_closure_workbench/03-证据采集模板.csv,governance_closure_workbench/04-拟关闭回填模板.csv,governance_closure_decision_preview,governance_readiness_refresh_preview,ready,no,yes,yes
GC-0313,STG2-LINK-043,GCEB-052,GR-11,stage2_structured_review,JL-7.1-01,manual_v5_candidate_7_1->record_form_template:JL-7.1-01,质量负责人/技术负责人/文件管理员,governance_closure_workbench/03-证据采集模板.csv,governance_closure_workbench/04-拟关闭回填模板.csv,governance_closure_decision_preview,governance_readiness_refresh_preview,ready,no,yes,yes
GC-0314,STG2-LINK-044,GCEB-052,GR-11,stage2_structured_review,XZTC/CX-22-2022,manual_v5_candidate_7_2->procedure_document:XZTC/CX-22-2022,质量负责人/技术负责人/文件管理员,governance_closure_workbench/03-证据采集模板.csv,governance_closure_workbench/04-拟关闭回填模板.csv,governance_closure_decision_preview,governance_readiness_refresh_preview,ready,no,yes,yes
GC-0315,STG2-LINK-045,GCEB-052,GR-11,stage2_structured_review,XZTC/CX-23-2022,manual_v5_candidate_7_2->procedure_document:XZTC/CX-23-2022,质量负责人/技术负责人/文件管理员,governance_closure_workbench/03-证据采集模板.csv,governance_closure_workbench/04-拟关闭回填模板.csv,governance_closure_decision_preview,governance_readiness_refresh_preview,ready,no,yes,yes
GC-0316,STG2-LINK-046,GCEB-052,GR-11,stage2_structured_review,XZTC/CX-24-2022,manual_v5_candidate_7_2->procedure_document:XZTC/CX-24-2022,质量负责人/技术负责人/文件管理员,governance_closure_workbench/03-证据采集模板.csv,governance_closure_workbench/04-拟关闭回填模板.csv,governance_closure_decision_preview,governance_readiness_refresh_preview,ready,no,yes,yes
GC-0317,STG2-LINK-047,GCEB-052,GR-11,stage2_structured_review,XZTC/CX-27-2022,manual_v5_candidate_7_2->procedure_document:XZTC/CX-27-2022,质量负责人/技术负责人/文件管理员,governance_closure_workbench/03-证据采集模板.csv,governance_closure_workbench/04-拟关闭回填模板.csv,governance_closure_decision_preview,governance_readiness_refresh_preview,ready,no,yes,yes
GC-0318,STG2-LINK-048,GCEB-052,GR-11,stage2_structured_review,JL-7.2-01,manual_v5_candidate_7_2->record_form_template:JL-7.2-01,质量负责人/技术负责人/文件管理员,governance_closure_workbench/03-证据采集模板.csv,governance_closure_workbench/04-拟关闭回填模板.csv,governance_closure_decision_preview,governance_readiness_refresh_preview,ready,no,yes,yes
GC-0319,STG2-LINK-049,GCEB-052,GR-11,stage2_structured_review,XZTC/CX-09-2022,manual_v5_candidate_7_3->procedure_document:XZTC/CX-09-2022,质量负责人/技术负责人/文件管理员,governance_closure_workbench/03-证据采集模板.csv,governance_closure_workbench/04-拟关闭回填模板.csv,governance_closure_decision_preview,governance_readiness_refresh_preview,ready,no,yes,yes
GC-0320,STG2-LINK-050,GCEB-052,GR-11,stage2_structured_review,XZTC/CX-28-2022,manual_v5_candidate_7_3->procedure_document:XZTC/CX-28-2022,质量负责人/技术负责人/文件管理员,governance_closure_workbench/03-证据采集模板.csv,governance_closure_workbench/04-拟关闭回填模板.csv,governance_closure_decision_preview,governance_readiness_refresh_preview,ready,no,yes,yes
GC-0321,STG2-LINK-051,GCEB-052,GR-11,stage2_structured_review,XZTC/CX-35-2022,manual_v5_candidate_7_3->procedure_document:XZTC/CX-35-2022,质量负责人/技术负责人/文件管理员,governance_closure_workbench/03-证据采集模板.csv,governance_closure_workbench/04-拟关闭回填模板.csv,governance_closure_decision_preview,governance_readiness_refresh_preview,ready,no,yes,yes
GC-0322,STG2-LINK-052,GCEB-052,GR-11,stage2_structured_review,JL-7.3-01,manual_v5_candidate_7_3->record_form_template:JL-7.3-01,质量负责人/技术负责人/文件管理员,governance_closure_workbench/03-证据采集模板.csv,governance_closure_workbench/04-拟关闭回填模板.csv,governance_closure_decision_preview,governance_readiness_refresh_preview,ready,no,yes,yes
GC-0323,STG2-LINK-053,GCEB-052,GR-11,stage2_structured_review,XZTC/CX-06-2022,manual_v5_candidate_7_4->procedure_document:XZTC/CX-06-2022,质量负责人/技术负责人/文件管理员,governance_closure_workbench/03-证据采集模板.csv,governance_closure_workbench/04-拟关闭回填模板.csv,governance_closure_decision_preview,governance_readiness_refresh_preview,ready,no,yes,yes
GC-0324,STG2-LINK-054,GCEB-052,GR-11,stage2_structured_review,XZTC/CX-25-2022,manual_v5_candidate_7_4->procedure_document:XZTC/CX-25-2022,质量负责人/技术负责人/文件管理员,governance_closure_workbench/03-证据采集模板.csv,governance_closure_workbench/04-拟关闭回填模板.csv,governance_closure_decision_preview,governance_readiness_refresh_preview,ready,no,yes,yes
GC-0325,STG2-LINK-055,GCEB-052,GR-11,stage2_structured_review,XZTC/CX-28-2022,manual_v5_candidate_7_4->procedure_document:XZTC/CX-28-2022,质量负责人/技术负责人/文件管理员,governance_closure_workbench/03-证据采集模板.csv,governance_closure_workbench/04-拟关闭回填模板.csv,governance_closure_decision_preview,governance_readiness_refresh_preview,ready,no,yes,yes
GC-0326,STG2-LINK-056,GCEB-052,GR-11,stage2_structured_review,JL-7.4-01,manual_v5_candidate_7_4->record_form_template:JL-7.4-01,质量负责人/技术负责人/文件管理员,governance_closure_workbench/03-证据采集模板.csv,governance_closure_workbench/04-拟关闭回填模板.csv,governance_closure_decision_preview,governance_readiness_refresh_preview,ready,no,yes,yes
GC-0327,STG2-LINK-057,GCEB-052,GR-11,stage2_structured_review,XZTC/CX-19-2022,manual_v5_candidate_7_5->procedure_document:XZTC/CX-19-2022,质量负责人/技术负责人/文件管理员,governance_closure_workbench/03-证据采集模板.csv,governance_closure_workbench/04-拟关闭回填模板.csv,governance_closure_decision_preview,governance_readiness_refresh_preview,ready,no,yes,yes
GC-0328,STG2-LINK-058,GCEB-052,GR-11,stage2_structured_review,XZTC/CX-25-2022,manual_v5_candidate_7_5->procedure_document:XZTC/CX-25-2022,质量负责人/技术负责人/文件管理员,governance_closure_workbench/03-证据采集模板.csv,governance_closure_workbench/04-拟关闭回填模板.csv,governance_closure_decision_preview,governance_readiness_refresh_preview,ready,no,yes,yes
GC-0329,STG2-LINK-059,GCEB-052,GR-11,stage2_structured_review,XZTC/CX-26-2022,manual_v5_candidate_7_5->procedure_document:XZTC/CX-26-2022,质量负责人/技术负责人/文件管理员,governance_closure_workbench/03-证据采集模板.csv,governance_closure_workbench/04-拟关闭回填模板.csv,governance_closure_decision_preview,governance_readiness_refresh_preview,ready,no,yes,yes
GC-0330,STG2-LINK-060,GCEB-052,GR-11,stage2_structured_review,JL-7.5-01,manual_v5_candidate_7_5->record_form_template:JL-7.5-01,质量负责人/技术负责人/文件管理员,governance_closure_workbench/03-证据采集模板.csv,governance_closure_workbench/04-拟关闭回填模板.csv,governance_closure_decision_preview,governance_readiness_refresh_preview,ready,no,yes,yes
GC-0331,STG2-LINK-061,GCEB-052,GR-11,stage2_structured_review,XZTC/CX-22-2022,manual_v5_candidate_7_6->procedure_document:XZTC/CX-22-2022,质量负责人/技术负责人/文件管理员,governance_closure_workbench/03-证据采集模板.csv,governance_closure_workbench/04-拟关闭回填模板.csv,governance_closure_decision_preview,governance_readiness_refresh_preview,ready,no,yes,yes
GC-0332,STG2-LINK-062,GCEB-052,GR-11,stage2_structured_review,XZTC/CX-27-2022,manual_v5_candidate_7_6->procedure_document:XZTC/CX-27-2022,质量负责人/技术负责人/文件管理员,governance_closure_workbench/03-证据采集模板.csv,governance_closure_workbench/04-拟关闭回填模板.csv,governance_closure_decision_preview,governance_readiness_refresh_preview,ready,no,yes,yes
GC-0333,STG2-LINK-063,GCEB-052,GR-11,stage2_structured_review,XZTC/CX-30-2022,manual_v5_candidate_7_6->procedure_document:XZTC/CX-30-2022,质量负责人/技术负责人/文件管理员,governance_closure_workbench/03-证据采集模板.csv,governance_closure_workbench/04-拟关闭回填模板.csv,governance_closure_decision_preview,governance_readiness_refresh_preview,ready,no,yes,yes
GC-0334,STG2-LINK-064,GCEB-052,GR-11,stage2_structured_review,JL-7.6-01,manual_v5_candidate_7_6->record_form_template:JL-7.6-01,质量负责人/技术负责人/文件管理员,governance_closure_workbench/03-证据采集模板.csv,governance_closure_workbench/04-拟关闭回填模板.csv,governance_closure_decision_preview,governance_readiness_refresh_preview,ready,no,yes,yes
GC-0335,STG2-LINK-065,GCEB-052,GR-11,stage2_structured_review,XZTC/CX-15-2022,manual_v5_candidate_7_7->procedure_document:XZTC/CX-15-2022,质量负责人/技术负责人/文件管理员,governance_closure_workbench/03-证据采集模板.csv,governance_closure_workbench/04-拟关闭回填模板.csv,governance_closure_decision_preview,governance_readiness_refresh_preview,ready,no,yes,yes
GC-0336,STG2-LINK-066,GCEB-052,GR-11,stage2_structured_review,XZTC/CX-16-2022,manual_v5_candidate_7_7->procedure_document:XZTC/CX-16-2022,质量负责人/技术负责人/文件管理员,governance_closure_workbench/03-证据采集模板.csv,governance_closure_workbench/04-拟关闭回填模板.csv,governance_closure_decision_preview,governance_readiness_refresh_preview,ready,no,yes,yes
GC-0337,STG2-LINK-067,GCEB-052,GR-11,stage2_structured_review,XZTC/CX-30-2022,manual_v5_candidate_7_7->procedure_document:XZTC/CX-30-2022,质量负责人/技术负责人/文件管理员,governance_closure_workbench/03-证据采集模板.csv,governance_closure_workbench/04-拟关闭回填模板.csv,governance_closure_decision_preview,governance_readiness_refresh_preview,ready,no,yes,yes
GC-0338,STG2-LINK-068,GCEB-052,GR-11,stage2_structured_review,XZTC/CX-34-2022,manual_v5_candidate_7_7->procedure_document:XZTC/CX-34-2022,质量负责人/技术负责人/文件管理员,governance_closure_workbench/03-证据采集模板.csv,governance_closure_workbench/04-拟关闭回填模板.csv,governance_closure_decision_preview,governance_readiness_refresh_preview,ready,no,yes,yes
GC-0339,STG2-LINK-069,GCEB-052,GR-11,stage2_structured_review,JL-7.7-01,manual_v5_candidate_7_7->record_form_template:JL-7.7-01,质量负责人/技术负责人/文件管理员,governance_closure_workbench/03-证据采集模板.csv,governance_closure_workbench/04-拟关闭回填模板.csv,governance_closure_decision_preview,governance_readiness_refresh_preview,ready,no,yes,yes
GC-0340,STG2-LINK-070,GCEB-052,GR-11,stage2_structured_review,XZTC/CX-06-2022,manual_v5_candidate_7_8->procedure_document:XZTC/CX-06-2022,质量负责人/技术负责人/文件管理员,governance_closure_workbench/03-证据采集模板.csv,governance_closure_workbench/04-拟关闭回填模板.csv,governance_closure_decision_preview,governance_readiness_refresh_preview,ready,no,yes,yes
GC-0341,STG2-LINK-071,GCEB-052,GR-11,stage2_structured_review,XZTC/CX-26-2022,manual_v5_candidate_7_8->procedure_document:XZTC/CX-26-2022,质量负责人/技术负责人/文件管理员,governance_closure_workbench/03-证据采集模板.csv,governance_closure_workbench/04-拟关闭回填模板.csv,governance_closure_decision_preview,governance_readiness_refresh_preview,ready,no,yes,yes
GC-0342,STG2-LINK-072,GCEB-052,GR-11,stage2_structured_review,XZTC/CX-29-2022,manual_v5_candidate_7_8->procedure_document:XZTC/CX-29-2022,质量负责人/技术负责人/文件管理员,governance_closure_workbench/03-证据采集模板.csv,governance_closure_workbench/04-拟关闭回填模板.csv,governance_closure_decision_preview,governance_readiness_refresh_preview,ready,no,yes,yes
GC-0343,STG2-LINK-073,GCEB-052,GR-11,stage2_structured_review,JL-7.8-01,manual_v5_candidate_7_8->record_form_template:JL-7.8-01,质量负责人/技术负责人/文件管理员,governance_closure_workbench/03-证据采集模板.csv,governance_closure_workbench/04-拟关闭回填模板.csv,governance_closure_decision_preview,governance_readiness_refresh_preview,ready,no,yes,yes
GC-0344,STG2-LINK-074,GCEB-052,GR-11,stage2_structured_review,XZTC/CX-14-2022,manual_v5_candidate_7_9->procedure_document:XZTC/CX-14-2022,质量负责人/技术负责人/文件管理员,governance_closure_workbench/03-证据采集模板.csv,governance_closure_workbench/04-拟关闭回填模板.csv,governance_closure_decision_preview,governance_readiness_refresh_preview,ready,no,yes,yes
GC-0345,STG2-LINK-075,GCEB-052,GR-11,stage2_structured_review,XZTC/CX-15-2022,manual_v5_candidate_7_9->procedure_document:XZTC/CX-15-2022,质量负责人/技术负责人/文件管理员,governance_closure_workbench/03-证据采集模板.csv,governance_closure_workbench/04-拟关闭回填模板.csv,governance_closure_decision_preview,governance_readiness_refresh_preview,ready,no,yes,yes
GC-0346,STG2-LINK-076,GCEB-052,GR-11,stage2_structured_review,XZTC/CX-16-2022,manual_v5_candidate_7_9->procedure_document:XZTC/CX-16-2022,质量负责人/技术负责人/文件管理员,governance_closure_workbench/03-证据采集模板.csv,governance_closure_workbench/04-拟关闭回填模板.csv,governance_closure_decision_preview,governance_readiness_refresh_preview,ready,no,yes,yes
GC-0347,STG2-LINK-077,GCEB-052,GR-11,stage2_structured_review,JL-7.9-01,manual_v5_candidate_7_9->record_form_template:JL-7.9-01,质量负责人/技术负责人/文件管理员,governance_closure_workbench/03-证据采集模板.csv,governance_closure_workbench/04-拟关闭回填模板.csv,governance_closure_decision_preview,governance_readiness_refresh_preview,ready,no,yes,yes
GC-0348,STG2-LINK-078,GCEB-052,GR-11,stage2_structured_review,XZTC/CX-15-2022,manual_v5_candidate_7_10->procedure_document:XZTC/CX-15-2022,质量负责人/技术负责人/文件管理员,governance_closure_workbench/03-证据采集模板.csv,governance_closure_workbench/04-拟关闭回填模板.csv,governance_closure_decision_preview,governance_readiness_refresh_preview,ready,no,yes,yes
GC-0349,STG2-LINK-079,GCEB-052,GR-11,stage2_structured_review,XZTC/CX-16-2022,manual_v5_candidate_7_10->procedure_document:XZTC/CX-16-2022,质量负责人/技术负责人/文件管理员,governance_closure_workbench/03-证据采集模板.csv,governance_closure_workbench/04-拟关闭回填模板.csv,governance_closure_decision_preview,governance_readiness_refresh_preview,ready,no,yes,yes
GC-0350,STG2-LINK-080,GCEB-052,GR-11,stage2_structured_review,XZTC/CX-32-2022,manual_v5_candidate_7_10->procedure_document:XZTC/CX-32-2022,质量负责人/技术负责人/文件管理员,governance_closure_workbench/03-证据采集模板.csv,governance_closure_workbench/04-拟关闭回填模板.csv,governance_closure_decision_preview,governance_readiness_refresh_preview,ready,no,yes,yes
GC-0351,STG2-LINK-081,GCEB-052,GR-11,stage2_structured_review,JL-7.10-01,manual_v5_candidate_7_10->record_form_template:JL-7.10-01,质量负责人/技术负责人/文件管理员,governance_closure_workbench/03-证据采集模板.csv,governance_closure_workbench/04-拟关闭回填模板.csv,governance_closure_decision_preview,governance_readiness_refresh_preview,ready,no,yes,yes
GC-0352,STG2-LINK-082,GCEB-052,GR-11,stage2_structured_review,XZTC/CX-08-2022,manual_v5_candidate_7_11->procedure_document:XZTC/CX-08-2022,质量负责人/技术负责人/文件管理员,governance_closure_workbench/03-证据采集模板.csv,governance_closure_workbench/04-拟关闭回填模板.csv,governance_closure_decision_preview,governance_readiness_refresh_preview,ready,no,yes,yes
GC-0353,STG2-LINK-083,GCEB-052,GR-11,stage2_structured_review,XZTC/CX-19-2022,manual_v5_candidate_7_11->procedure_document:XZTC/CX-19-2022,质量负责人/技术负责人/文件管理员,governance_closure_workbench/03-证据采集模板.csv,governance_closure_workbench/04-拟关闭回填模板.csv,governance_closure_decision_preview,governance_readiness_refresh_preview,ready,no,yes,yes
GC-0354,STG2-LINK-084,GCEB-052,GR-11,stage2_structured_review,XZTC/CX-26-2022,manual_v5_candidate_7_11->procedure_document:XZTC/CX-26-2022,质量负责人/技术负责人/文件管理员,governance_closure_workbench/03-证据采集模板.csv,governance_closure_workbench/04-拟关闭回填模板.csv,governance_closure_decision_preview,governance_readiness_refresh_preview,ready,no,yes,yes
GC-0355,STG2-LINK-085,GCEB-052,GR-11,stage2_structured_review,JL-7.11-01,manual_v5_candidate_7_11->record_form_template:JL-7.11-01,质量负责人/技术负责人/文件管理员,governance_closure_workbench/03-证据采集模板.csv,governance_closure_workbench/04-拟关闭回填模板.csv,governance_closure_decision_preview,governance_readiness_refresh_preview,ready,no,yes,yes
GC-0356,STG2-LINK-086,GCEB-052,GR-11,stage2_structured_review,XZTC/CX-08-2022,manual_v5_candidate_8_1->procedure_document:XZTC/CX-08-2022,质量负责人/技术负责人/文件管理员,governance_closure_workbench/03-证据采集模板.csv,governance_closure_workbench/04-拟关闭回填模板.csv,governance_closure_decision_preview,governance_readiness_refresh_preview,ready,no,yes,yes
GC-0357,STG2-LINK-087,GCEB-052,GR-11,stage2_structured_review,XZTC/CX-19-2022,manual_v5_candidate_8_1->procedure_document:XZTC/CX-19-2022,质量负责人/技术负责人/文件管理员,governance_closure_workbench/03-证据采集模板.csv,governance_closure_workbench/04-拟关闭回填模板.csv,governance_closure_decision_preview,governance_readiness_refresh_preview,ready,no,yes,yes
GC-0358,STG2-LINK-088,GCEB-052,GR-11,stage2_structured_review,XZTC/CX-20-2022,manual_v5_candidate_8_1->procedure_document:XZTC/CX-20-2022,质量负责人/技术负责人/文件管理员,governance_closure_workbench/03-证据采集模板.csv,governance_closure_workbench/04-拟关闭回填模板.csv,governance_closure_decision_preview,governance_readiness_refresh_preview,ready,no,yes,yes
GC-0359,STG2-LINK-089,GCEB-052,GR-11,stage2_structured_review,XZTC/CX-21-2022,manual_v5_candidate_8_1->procedure_document:XZTC/CX-21-2022,质量负责人/技术负责人/文件管理员,governance_closure_workbench/03-证据采集模板.csv,governance_closure_workbench/04-拟关闭回填模板.csv,governance_closure_decision_preview,governance_readiness_refresh_preview,ready,no,yes,yes
GC-0360,STG2-LINK-090,GCEB-052,GR-11,stage2_structured_review,JL-8.8-01,manual_v5_candidate_8_1->record_form_template:JL-8.8-01,质量负责人/技术负责人/文件管理员,governance_closure_workbench/03-证据采集模板.csv,governance_closure_workbench/04-拟关闭回填模板.csv,governance_closure_decision_preview,governance_readiness_refresh_preview,ready,no,yes,yes
GC-0361,STG2-LINK-091,GCEB-052,GR-11,stage2_structured_review,JL-8.9-01,manual_v5_candidate_8_1->record_form_template:JL-8.9-01,质量负责人/技术负责人/文件管理员,governance_closure_workbench/03-证据采集模板.csv,governance_closure_workbench/04-拟关闭回填模板.csv,governance_closure_decision_preview,governance_readiness_refresh_preview,ready,no,yes,yes
GC-0362,STG2-LINK-092,GCEB-052,GR-11,stage2_structured_review,XZTC/CX-08-2022,manual_v5_candidate_8_2->procedure_document:XZTC/CX-08-2022,质量负责人/技术负责人/文件管理员,governance_closure_workbench/03-证据采集模板.csv,governance_closure_workbench/04-拟关闭回填模板.csv,governance_closure_decision_preview,governance_readiness_refresh_preview,ready,no,yes,yes
GC-0363,STG2-LINK-093,GCEB-052,GR-11,stage2_structured_review,XZTC/CX-13-2022,manual_v5_candidate_8_2->procedure_document:XZTC/CX-13-2022,质量负责人/技术负责人/文件管理员,governance_closure_workbench/03-证据采集模板.csv,governance_closure_workbench/04-拟关闭回填模板.csv,governance_closure_decision_preview,governance_readiness_refresh_preview,ready,no,yes,yes
GC-0364,STG2-LINK-094,GCEB-052,GR-11,stage2_structured_review,XZTC/CX-19-2022,manual_v5_candidate_8_2->procedure_document:XZTC/CX-19-2022,质量负责人/技术负责人/文件管理员,governance_closure_workbench/03-证据采集模板.csv,governance_closure_workbench/04-拟关闭回填模板.csv,governance_closure_decision_preview,governance_readiness_refresh_preview,ready,no,yes,yes
GC-0365,STG2-LINK-095,GCEB-052,GR-11,stage2_structured_review,JL-8.3-01,manual_v5_candidate_8_2->record_form_template:JL-8.3-01,质量负责人/技术负责人/文件管理员,governance_closure_workbench/03-证据采集模板.csv,governance_closure_workbench/04-拟关闭回填模板.csv,governance_closure_decision_preview,governance_readiness_refresh_preview,ready,no,yes,yes
GC-0366,STG2-LINK-096,GCEB-052,GR-11,stage2_structured_review,XZTC/CX-08-2022,manual_v5_candidate_8_3->procedure_document:XZTC/CX-08-2022,质量负责人/技术负责人/文件管理员,governance_closure_workbench/03-证据采集模板.csv,governance_closure_workbench/04-拟关闭回填模板.csv,governance_closure_decision_preview,governance_readiness_refresh_preview,ready,no,yes,yes
GC-0367,STG2-LINK-097,GCEB-052,GR-11,stage2_structured_review,XZTC/CX-26-2022,manual_v5_candidate_8_3->procedure_document:XZTC/CX-26-2022,质量负责人/技术负责人/文件管理员,governance_closure_workbench/03-证据采集模板.csv,governance_closure_workbench/04-拟关闭回填模板.csv,governance_closure_decision_preview,governance_readiness_refresh_preview,ready,no,yes,yes
GC-0368,STG2-LINK-098,GCEB-052,GR-11,stage2_structured_review,JL-8.3-01,manual_v5_candidate_8_3->record_form_template:JL-8.3-01,质量负责人/技术负责人/文件管理员,governance_closure_workbench/03-证据采集模板.csv,governance_closure_workbench/04-拟关闭回填模板.csv,governance_closure_decision_preview,governance_readiness_refresh_preview,ready,no,yes,yes
GC-0369,STG2-LINK-099,GCEB-052,GR-11,stage2_structured_review,XZTC/CX-06-2022,manual_v5_candidate_8_4->procedure_document:XZTC/CX-06-2022,质量负责人/技术负责人/文件管理员,governance_closure_workbench/03-证据采集模板.csv,governance_closure_workbench/04-拟关闭回填模板.csv,governance_closure_decision_preview,governance_readiness_refresh_preview,ready,no,yes,yes
GC-0370,STG2-LINK-100,GCEB-052,GR-11,stage2_structured_review,XZTC/CX-19-2022,manual_v5_candidate_8_4->procedure_document:XZTC/CX-19-2022,质量负责人/技术负责人/文件管理员,governance_closure_workbench/03-证据采集模板.csv,governance_closure_workbench/04-拟关闭回填模板.csv,governance_closure_decision_preview,governance_readiness_refresh_preview,ready,no,yes,yes
GC-0371,STG2-LINK-101,GCEB-052,GR-11,stage2_structured_review,XZTC/CX-26-2022,manual_v5_candidate_8_4->procedure_document:XZTC/CX-26-2022,质量负责人/技术负责人/文件管理员,governance_closure_workbench/03-证据采集模板.csv,governance_closure_workbench/04-拟关闭回填模板.csv,governance_closure_decision_preview,governance_readiness_refresh_preview,ready,no,yes,yes
GC-0372,STG2-LINK-102,GCEB-052,GR-11,stage2_structured_review,JL-8.4-01,manual_v5_candidate_8_4->record_form_template:JL-8.4-01,质量负责人/技术负责人/文件管理员,governance_closure_workbench/03-证据采集模板.csv,governance_closure_workbench/04-拟关闭回填模板.csv,governance_closure_decision_preview,governance_readiness_refresh_preview,ready,no,yes,yes
GC-0373,STG2-LINK-103,GCEB-052,GR-11,stage2_structured_review,XZTC/CX-17-2022,manual_v5_candidate_8_5->procedure_document:XZTC/CX-17-2022,质量负责人/技术负责人/文件管理员,governance_closure_workbench/03-证据采集模板.csv,governance_closure_workbench/04-拟关闭回填模板.csv,governance_closure_decision_preview,governance_readiness_refresh_preview,ready,no,yes,yes
GC-0374,STG2-LINK-104,GCEB-052,GR-11,stage2_structured_review,XZTC/CX-18-2022,manual_v5_candidate_8_5->procedure_document:XZTC/CX-18-2022,质量负责人/技术负责人/文件管理员,governance_closure_workbench/03-证据采集模板.csv,governance_closure_workbench/04-拟关闭回填模板.csv,governance_closure_decision_preview,governance_readiness_refresh_preview,ready,no,yes,yes
GC-0375,STG2-LINK-105,GCEB-052,GR-11,stage2_structured_review,XZTC/CX-32-2022,manual_v5_candidate_8_5->procedure_document:XZTC/CX-32-2022,质量负责人/技术负责人/文件管理员,governance_closure_workbench/03-证据采集模板.csv,governance_closure_workbench/04-拟关闭回填模板.csv,governance_closure_decision_preview,governance_readiness_refresh_preview,ready,no,yes,yes
GC-0376,STG2-LINK-106,GCEB-052,GR-11,stage2_structured_review,JL-8.5-01,manual_v5_candidate_8_5->record_form_template:JL-8.5-01,质量负责人/技术负责人/文件管理员,governance_closure_workbench/03-证据采集模板.csv,governance_closure_workbench/04-拟关闭回填模板.csv,governance_closure_decision_preview,governance_readiness_refresh_preview,ready,no,yes,yes
GC-0377,STG2-LINK-107,GCEB-052,GR-11,stage2_structured_review,XZTC/CX-12-2022,manual_v5_candidate_8_6->procedure_document:XZTC/CX-12-2022,质量负责人/技术负责人/文件管理员,governance_closure_workbench/03-证据采集模板.csv,governance_closure_workbench/04-拟关闭回填模板.csv,governance_closure_decision_preview,governance_readiness_refresh_preview,ready,no,yes,yes
GC-0378,STG2-LINK-108,GCEB-052,GR-11,stage2_structured_review,XZTC/CX-18-2022,manual_v5_candidate_8_6->procedure_document:XZTC/CX-18-2022,质量负责人/技术负责人/文件管理员,governance_closure_workbench/03-证据采集模板.csv,governance_closure_workbench/04-拟关闭回填模板.csv,governance_closure_decision_preview,governance_readiness_refresh_preview,ready,no,yes,yes
GC-0379,STG2-LINK-109,GCEB-052,GR-11,stage2_structured_review,XZTC/CX-20-2022,manual_v5_candidate_8_6->procedure_document:XZTC/CX-20-2022,质量负责人/技术负责人/文件管理员,governance_closure_workbench/03-证据采集模板.csv,governance_closure_workbench/04-拟关闭回填模板.csv,governance_closure_decision_preview,governance_readiness_refresh_preview,ready,no,yes,yes
GC-0380,STG2-LINK-110,GCEB-052,GR-11,stage2_structured_review,XZTC/CX-21-2022,manual_v5_candidate_8_6->procedure_document:XZTC/CX-21-2022,质量负责人/技术负责人/文件管理员,governance_closure_workbench/03-证据采集模板.csv,governance_closure_workbench/04-拟关闭回填模板.csv,governance_closure_decision_preview,governance_readiness_refresh_preview,ready,no,yes,yes
GC-0381,STG2-LINK-111,GCEB-052,GR-11,stage2_structured_review,JL-8.6-01,manual_v5_candidate_8_6->record_form_template:JL-8.6-01,质量负责人/技术负责人/文件管理员,governance_closure_workbench/03-证据采集模板.csv,governance_closure_workbench/04-拟关闭回填模板.csv,governance_closure_decision_preview,governance_readiness_refresh_preview,ready,no,yes,yes
GC-0382,STG2-LINK-112,GCEB-052,GR-11,stage2_structured_review,XZTC/CX-15-2022,manual_v5_candidate_8_7->procedure_document:XZTC/CX-15-2022,质量负责人/技术负责人/文件管理员,governance_closure_workbench/03-证据采集模板.csv,governance_closure_workbench/04-拟关闭回填模板.csv,governance_closure_decision_preview,governance_readiness_refresh_preview,ready,no,yes,yes
GC-0383,STG2-LINK-113,GCEB-052,GR-11,stage2_structured_review,XZTC/CX-16-2022,manual_v5_candidate_8_7->procedure_document:XZTC/CX-16-2022,质量负责人/技术负责人/文件管理员,governance_closure_workbench/03-证据采集模板.csv,governance_closure_workbench/04-拟关闭回填模板.csv,governance_closure_decision_preview,governance_readiness_refresh_preview,ready,no,yes,yes
GC-0384,STG2-LINK-114,GCEB-052,GR-11,stage2_structured_review,XZTC/CX-20-2022,manual_v5_candidate_8_7->procedure_document:XZTC/CX-20-2022,质量负责人/技术负责人/文件管理员,governance_closure_workbench/03-证据采集模板.csv,governance_closure_workbench/04-拟关闭回填模板.csv,governance_closure_decision_preview,governance_readiness_refresh_preview,ready,no,yes,yes
GC-0385,STG2-LINK-115,GCEB-052,GR-11,stage2_structured_review,JL-8.7-01,manual_v5_candidate_8_7->record_form_template:JL-8.7-01,质量负责人/技术负责人/文件管理员,governance_closure_workbench/03-证据采集模板.csv,governance_closure_workbench/04-拟关闭回填模板.csv,governance_closure_decision_preview,governance_readiness_refresh_preview,ready,no,yes,yes
GC-0386,STG2-LINK-116,GCEB-052,GR-11,stage2_structured_review,XZTC/CX-15-2022,manual_v5_candidate_8_8->procedure_document:XZTC/CX-15-2022,质量负责人/技术负责人/文件管理员,governance_closure_workbench/03-证据采集模板.csv,governance_closure_workbench/04-拟关闭回填模板.csv,governance_closure_decision_preview,governance_readiness_refresh_preview,ready,no,yes,yes
GC-0387,STG2-LINK-117,GCEB-052,GR-11,stage2_structured_review,XZTC/CX-16-2022,manual_v5_candidate_8_8->procedure_document:XZTC/CX-16-2022,质量负责人/技术负责人/文件管理员,governance_closure_workbench/03-证据采集模板.csv,governance_closure_workbench/04-拟关闭回填模板.csv,governance_closure_decision_preview,governance_readiness_refresh_preview,ready,no,yes,yes
GC-0388,STG2-LINK-118,GCEB-052,GR-11,stage2_structured_review,XZTC/CX-19-2022,manual_v5_candidate_8_8->procedure_document:XZTC/CX-19-2022,质量负责人/技术负责人/文件管理员,governance_closure_workbench/03-证据采集模板.csv,governance_closure_workbench/04-拟关闭回填模板.csv,governance_closure_decision_preview,governance_readiness_refresh_preview,ready,no,yes,yes
GC-0389,STG2-LINK-119,GCEB-052,GR-11,stage2_structured_review,XZTC/CX-20-2022,manual_v5_candidate_8_8->procedure_document:XZTC/CX-20-2022,质量负责人/技术负责人/文件管理员,governance_closure_workbench/03-证据采集模板.csv,governance_closure_workbench/04-拟关闭回填模板.csv,governance_closure_decision_preview,governance_readiness_refresh_preview,ready,no,yes,yes
GC-0390,STG2-LINK-120,GCEB-052,GR-11,stage2_structured_review,JL-8.8-01,manual_v5_candidate_8_8->record_form_template:JL-8.8-01,质量负责人/技术负责人/文件管理员,governance_closure_workbench/03-证据采集模板.csv,governance_closure_workbench/04-拟关闭回填模板.csv,governance_closure_decision_preview,governance_readiness_refresh_preview,ready,no,yes,yes
GC-0391,STG2-LINK-121,GCEB-052,GR-11,stage2_structured_review,XZTC/CX-16-2022,manual_v5_candidate_8_9->procedure_document:XZTC/CX-16-2022,质量负责人/技术负责人/文件管理员,governance_closure_workbench/03-证据采集模板.csv,governance_closure_workbench/04-拟关闭回填模板.csv,governance_closure_decision_preview,governance_readiness_refresh_preview,ready,no,yes,yes
GC-0392,STG2-LINK-122,GCEB-052,GR-11,stage2_structured_review,XZTC/CX-19-2022,manual_v5_candidate_8_9->procedure_document:XZTC/CX-19-2022,质量负责人/技术负责人/文件管理员,governance_closure_workbench/03-证据采集模板.csv,governance_closure_workbench/04-拟关闭回填模板.csv,governance_closure_decision_preview,governance_readiness_refresh_preview,ready,no,yes,yes
GC-0393,STG2-LINK-123,GCEB-052,GR-11,stage2_structured_review,XZTC/CX-20-2022,manual_v5_candidate_8_9->procedure_document:XZTC/CX-20-2022,质量负责人/技术负责人/文件管理员,governance_closure_workbench/03-证据采集模板.csv,governance_closure_workbench/04-拟关闭回填模板.csv,governance_closure_decision_preview,governance_readiness_refresh_preview,ready,no,yes,yes
GC-0394,STG2-LINK-124,GCEB-052,GR-11,stage2_structured_review,XZTC/CX-21-2022,manual_v5_candidate_8_9->procedure_document:XZTC/CX-21-2022,质量负责人/技术负责人/文件管理员,governance_closure_workbench/03-证据采集模板.csv,governance_closure_workbench/04-拟关闭回填模板.csv,governance_closure_decision_preview,governance_readiness_refresh_preview,ready,no,yes,yes
GC-0395,STG2-LINK-125,GCEB-052,GR-11,stage2_structured_review,JL-8.9-01,manual_v5_candidate_8_9->record_form_template:JL-8.9-01,质量负责人/技术负责人/文件管理员,governance_closure_workbench/03-证据采集模板.csv,governance_closure_workbench/04-拟关闭回填模板.csv,governance_closure_decision_preview,governance_readiness_refresh_preview,ready,no,yes,yes
GC-0396,USER-APPLY-AUTHORIZATION,GCEB-036,GR-13,user_authorization,apply,正式 LIMS apply 授权,用户/总控,governance_closure_workbench/03-证据采集模板.csv,governance_closure_workbench/04-拟关闭回填模板.csv,governance_closure_decision_preview,governance_readiness_refresh_preview,ready,no,yes,yes
